NrRows,NrPlantsPerRow,distanceBetweenRows_m,distanceBetweenPlants_m,totalNrPlants,plantDensityPerM2,power_of_light_umol_m2_s1,fraction_red_light,fraction_green_light,fraction_blue_light,day,plantNumber,LeafNumberPerPlant_n_plant,BiomassLeafPerPlant_mg_plant1,BiomassLeafBlade_mg_plant,BiomassPetiole_mg_plant,BiomassStem_mg_plant,BiomassRoot_mg_plant,TotalBiomass_mg_plant,LeafAreaPerPlant_cm2_plant,
2,2,0.1,0.1,4.0,100.0,250.0,0.49,0.38,0.13,0,1,0,0.0,0.0,0.0,0.0,0.0,0.0,0.0,
2,2,0.1,0.1,4.0,100.0,250.0,0.49,0.38,0.13,0,4,0,0.0,0.0,0.0,0.0,0.0,0.0,0.0,
2,2,0.1,0.1,4.0,100.0,250.0,0.49,0.38,0.13,0,3,0,0.0,0.0,0.0,0.0,0.0,0.0,0.0,
2,2,0.1,0.1,4.0,100.0,250.0,0.49,0.38,0.13,0,2,0,0.0,0.0,0.0,0.0,0.0,0.0,0.0,
2,2,0.1,0.1,4.0,100.0,250.0,0.49,0.38,0.13,1,1,0,0.0,0.0,0.0,0.0,0.0,0.0,0.0,
2,2,0.1,0.1,4.0,100.0,250.0,0.49,0.38,0.13,1,4,0,0.0,0.0,0.0,0.0,0.0,0.0,0.0,
2,2,0.1,0.1,4.0,100.0,250.0,0.49,0.38,0.13,1,3,0,0.0,0.0,0.0,0.0,0.0,0.0,0.0,
2,2,0.1,0.1,4.0,100.0,250.0,0.49,0.38,0.13,1,2,0,0.0,0.0,0.0,0.0,0.0,0.0,0.0,
2,2,0.1,0.1,4.0,100.0,250.0,0.49,0.38,0.13,2,1,0,0.0,0.0,0.0,0.0,1.8004115226337445,1.8004115226337445,0.0,
2,2,0.1,0.1,4.0,100.0,250.0,0.49,0.38,0.13,2,4,0,0.0,0.0,0.0,0.0,1.8004115226337445,1.8004115226337445,0.0,
2,2,0.1,0.1,4.0,100.0,250.0,0.49,0.38,0.13,2,3,0,0.0,0.0,0.0,0.0,1.8004115226337445,1.8004115226337445,0.0,
2,2,0.1,0.1,4.0,100.0,250.0,0.49,0.38,0.13,2,2,0,0.0,0.0,0.0,0.0,1.8004115226337445,1.8004115226337445,0.0,
2,2,0.1,0.1,4.0,100.0,250.0,0.49,0.38,0.13,3,1,0,0.0,0.0,0.0,0.0,5.298353909465019,5.298353909465019,0.0,
2,2,0.1,0.1,4.0,100.0,250.0,0.49,0.38,0.13,3,4,0,0.0,0.0,0.0,0.0,5.298353909465019,5.298353909465019,0.0,
2,2,0.1,0.1,4.0,100.0,250.0,0.49,0.38,0.13,3,3,0,0.0,0.0,0.0,0.0,5.298353909465019,5.298353909465019,0.0,
2,2,0.1,0.1,4.0,100.0,250.0,0.49,0.38,0.13,3,2,0,0.0,0.0,0.0,0.0,5.298353909465019,5.298353909465019,0.0,
2,2,0.1,0.1,4.0,100.0,250.0,0.49,0.38,0.13,4,1,0,0.0,0.0,0.0,0.0,10.39094650205761,10.39094650205761,0.0,
2,2,0.1,0.1,4.0,100.0,250.0,0.49,0.38,0.13,4,4,0,0.0,0.0,0.0,0.0,10.39094650205761,10.39094650205761,0.0,
2,2,0.1,0.1,4.0,100.0,250.0,0.49,0.38,0.13,4,3,0,0.0,0.0,0.0,0.0,10.39094650205761,10.39094650205761,0.0,
2,2,0.1,0.1,4.0,100.0,250.0,0.49,0.38,0.13,4,2,0,0.0,0.0,0.0,0.0,10.39094650205761,10.39094650205761,0.0,
2,2,0.1,0.1,4.0,100.0,250.0,0.49,0.38,0.13,5,1,0,0.0,0.0,0.0,0.0,16.44309156378601,16.44309156378601,0.0,
2,2,0.1,0.1,4.0,100.0,250.0,0.49,0.38,0.13,5,4,0,0.0,0.0,0.0,0.0,16.44309156378601,16.44309156378601,0.0,
2,2,0.1,0.1,4.0,100.0,250.0,0.49,0.38,0.13,5,3,0,0.0,0.0,0.0,0.0,16.44309156378601,16.44309156378601,0.0,
2,2,0.1,0.1,4.0,100.0,250.0,0.49,0.38,0.13,5,2,0,0.0,0.0,0.0,0.0,16.44309156378601,16.44309156378601,0.0,
2,2,0.1,0.1,4.0,100.0,250.0,0.49,0.38,0.13,6,1,1,0.24178688229750284,0.09671475291900114,0.1450721293785017,0.0102888035020214,22.19994862397414,22.452024309773666,0.05373041828833396,
2,2,0.1,0.1,4.0,100.0,250.0,0.49,0.38,0.13,6,4,1,0.24178688229750284,0.09671475291900114,0.1450721293785017,0.0102888035020214,22.19994862397414,22.452024309773666,0.05373041828833396,
2,2,0.1,0.1,4.0,100.0,250.0,0.49,0.38,0.13,6,3,1,0.24178688229750284,0.09671475291900114,0.1450721293785017,0.0102888035020214,22.19994862397414,22.452024309773666,0.05373041828833396,
2,2,0.1,0.1,4.0,100.0,250.0,0.49,0.38,0.13,6,2,1,0.24178688229750284,0.09671475291900114,0.1450721293785017,0.0102888035020214,22.19994862397414,22.452024309773666,0.05373041828833396,
2,2,0.1,0.1,4.0,100.0,250.0,0.49,0.38,0.13,7,1,1,0.6268434630420909,0.25073738521683636,0.3761060778252545,0.026674189916684722,27.819079767548665,28.47259742050744,0.13929854734268685,
2,2,0.1,0.1,4.0,100.0,250.0,0.49,0.38,0.13,7,4,1,0.6245208454728955,0.24980833818915824,0.3747125072837373,0.026575355126506196,27.785185806582092,28.436282007181493,0.1387824101050879,
2,2,0.1,0.1,4.0,100.0,250.0,0.49,0.38,0.13,7,3,1,0.6270114960227672,0.25080459840910685,0.37620689761366033,0.026681340256287968,27.821531873036747,28.475224709315803,0.1393358880050594,
2,2,0.1,0.1,4.0,100.0,250.0,0.49,0.38,0.13,7,2,1,0.625494741889814,0.25019789675592563,0.3752968451338884,0.026616797527226132,27.799397878159574,28.451509417576613,0.13899883153106982,
2,2,0.1,0.1,4.0,100.0,250.0,0.49,0.38,0.13,8,1,1,1.1045626173684904,0.4418250469473961,0.6627375704210942,0.047002664568871935,33.36882606840937,34.520391350346735,0.24545835941522007,
2,2,0.1,0.1,4.0,100.0,250.0,0.49,0.38,0.13,8,4,1,1.1014385815108645,0.44057543260434584,0.6608631489065186,0.04686972687280275,33.32562189213872,34.47393020052239,0.24476412922463656,
2,2,0.1,0.1,4.0,100.0,250.0,0.49,0.38,0.13,8,3,1,1.1027118422737932,0.44108473690951727,0.6616271053642759,0.04692390818186355,33.34782533021935,34.49746108067501,0.24504707606084297,
2,2,0.1,0.1,4.0,100.0,250.0,0.49,0.38,0.13,8,2,1,1.1028028725112269,0.44112114900449073,0.661681723506736,0.04692778180898838,33.34436924532617,34.494099899646386,0.24506730500249485,
2,2,0.1,0.1,4.0,100.0,250.0,0.49,0.38,0.13,9,1,2,4.284631191711825,2.874869094228008,1.4097620974838172,0.06389601539394814,36.20379266998539,40.552319877091165,1.5971494967933375,
2,2,0.1,0.1,4.0,100.0,250.0,0.49,0.38,0.13,9,4,2,4.284090494296315,2.875595970665506,1.4084945236308093,0.06377680106314053,36.16289148751275,40.51075878287221,1.597553317036392,
2,2,0.1,0.1,4.0,100.0,250.0,0.49,0.38,0.13,9,3,2,4.3034857162149835,2.8899702368997224,1.4135154793152611,0.0639272509400908,36.201250286218645,40.56866325337372,1.6055390204998459,
2,2,0.1,0.1,4.0,100.0,250.0,0.49,0.38,0.13,9,2,2,4.286375313452212,2.8768459755100095,1.4095293379422027,0.06383974608415051,36.18245947287078,40.53267453240714,1.5982477641722272,
2,2,0.1,0.1,4.0,100.0,250.0,0.49,0.38,0.13,10,1,2,8.643712104188879,6.264777981871543,2.3789341223173355,0.08146149503282371,38.50534922644183,47.230522825663535,3.480432212150857,
2,2,0.1,0.1,4.0,100.0,250.0,0.49,0.38,0.13,10,4,2,8.61138575723648,6.240786240318674,2.3705995169178062,0.08121419632116633,38.447665499308584,47.14026545286623,3.467103466843708,
2,2,0.1,0.1,4.0,100.0,250.0,0.49,0.38,0.13,10,3,2,8.634151535832116,6.25778167378171,2.3763698620504057,0.08137822829165184,38.48780392242947,47.203333686553236,3.4765453743231727,
2,2,0.1,0.1,4.0,100.0,250.0,0.49,0.38,0.13,10,2,2,8.611689220715983,6.240495412278483,2.3711938084375004,0.08126915721352859,38.46618734621696,47.15914572414647,3.4669418957102676,
2,2,0.1,0.1,4.0,100.0,250.0,0.49,0.38,0.13,11,1,2,13.931340350256344,10.400412242240423,3.5309281080159236,0.10035875155235352,40.638860549752955,54.67055965156165,5.778006801244679,
2,2,0.1,0.1,4.0,100.0,250.0,0.49,0.38,0.13,11,4,2,13.94274225310095,10.410621855168356,3.532120397932596,0.1002677315946306,40.59882078542286,54.64183077011844,5.783678808426864,
2,2,0.1,0.1,4.0,100.0,250.0,0.49,0.38,0.13,11,3,2,14.042090711356131,10.487515212428589,3.55457549892754,0.10070545953524328,40.66985964378986,54.812655814681236,5.826397340238106,
2,2,0.1,0.1,4.0,100.0,250.0,0.49,0.38,0.13,11,2,2,14.001042787380182,10.45569251281483,3.5453502745653536,0.10052996604581364,40.640743938457874,54.74231669188387,5.808718062674907,
2,2,0.1,0.1,4.0,100.0,250.0,0.49,0.38,0.13,12,1,3,20.764609578059236,15.784529826980167,4.98007975107907,0.12074209209732396,42.457925801732884,63.343277471889444,8.769183237211202,
2,2,0.1,0.1,4.0,100.0,250.0,0.49,0.38,0.13,12,4,3,20.729380275863427,15.757997452627086,4.971382823236345,0.12051197331286467,42.40547247635037,63.25536472552666,8.754443029237269,
2,2,0.1,0.1,4.0,100.0,250.0,0.49,0.38,0.13,12,3,3,20.82012223358667,15.828109515412844,4.992012718173823,0.12092402844220729,42.47422022258102,63.415266484609894,8.79339417522936,
2,2,0.1,0.1,4.0,100.0,250.0,0.49,0.38,0.13,12,2,3,20.94560798058776,15.927503197953405,5.018104782634355,0.12124529754394231,42.489436974241414,63.55629025237312,8.84861288775189,
2,2,0.1,0.1,4.0,100.0,250.0,0.49,0.38,0.13,13,1,3,29.066271311960516,22.346290807917907,6.719980504042612,0.14339845509465904,44.19963857170235,73.40930833875753,12.414606004398836,
2,2,0.1,0.1,4.0,100.0,250.0,0.49,0.38,0.13,13,4,3,29.048053112384434,22.333204270433487,6.7148488419509516,0.14321476192091376,44.15075422511153,73.34202209941688,12.407335705796381,
2,2,0.1,0.1,4.0,100.0,250.0,0.49,0.38,0.13,13,3,3,29.380699272603078,22.594521131479947,6.786178141123127,0.14428700649159862,44.27025417639468,73.79524045548936,12.55251173971108,
2,2,0.1,0.1,4.0,100.0,250.0,0.49,0.38,0.13,13,2,3,29.442263495441455,22.643390259234074,6.798873236207385,0.14443382506749983,44.27206000642532,73.85875732693427,12.57966125513004,
2,2,0.1,0.1,4.0,100.0,250.0,0.49,0.38,0.13,14,1,3,38.8918425499086,30.12660359150302,8.765238958405588,0.1687826211664916,45.96576891058384,85.02639408165894,16.737001995279453,
2,2,0.1,0.1,4.0,100.0,250.0,0.49,0.38,0.13,14,4,3,39.106883235725086,30.298221540297767,8.808661695427322,0.16920154764112535,45.95881246663896,85.23489725000516,16.832345300165425,
2,2,0.1,0.1,4.0,100.0,250.0,0.49,0.38,0.13,14,3,3,39.61338232570426,30.697202679493827,8.91617964621043,0.1707229377662256,46.10956219733113,85.89366746080162,17.054001488607685,
2,2,0.1,0.1,4.0,100.0,250.0,0.49,0.38,0.13,14,2,3,39.561637295319464,30.656348633907566,8.905288661411902,0.1705770241607974,46.09100087465919,85.82321519413945,17.031304796615313,
2,2,0.1,0.1,4.0,100.0,250.0,0.49,0.38,0.13,15,1,4,50.89395904272387,39.65123460547105,11.242724437252825,0.19766454256448923,47.69760438380046,98.78922796908881,22.02846366970614,
2,2,0.1,0.1,4.0,100.0,250.0,0.49,0.38,0.13,15,4,4,51.15258171304361,39.85743831432725,11.295143398716373,0.1981883448292843,47.69693656626586,99.04770662413875,22.14302128573736,
2,2,0.1,0.1,4.0,100.0,250.0,0.49,0.38,0.13,15,3,4,51.765830614870886,40.34113389278677,11.424696722084116,0.19996661795305343,47.86308967277332,99.82888690559726,22.41174105154821,
2,2,0.1,0.1,4.0,100.0,250.0,0.49,0.38,0.13,15,2,4,51.77209188029669,40.34631244190277,11.425779438393928,0.19996029083449138,47.8528983205824,99.82495049171358,22.414618023279306,
2,2,0.1,0.1,4.0,100.0,250.0,0.49,0.38,0.13,16,1,4,65.31001102512487,51.106840965685166,14.203170059439705,0.23079203057310924,49.490708062917506,115.03151111861548,28.39268942538065,
2,2,0.1,0.1,4.0,100.0,250.0,0.49,0.38,0.13,16,4,4,66.0662879524499,51.70850185509934,14.357786097350576,0.23245942162708927,49.55193969470883,115.85068706878582,28.72694547505518,
2,2,0.1,0.1,4.0,100.0,250.0,0.49,0.38,0.13,16,3,4,66.53967355215455,52.08105612140819,14.458617430746376,0.2339162946983635,49.70069626283562,116.47428610968853,28.93392006744899,
2,2,0.1,0.1,4.0,100.0,250.0,0.49,0.38,0.13,16,2,4,66.75865866648338,52.25527406351732,14.503384602966065,0.23439879813911724,49.716964021403285,116.71002148602578,29.03070781306517,
2,2,0.1,0.1,4.0,100.0,250.0,0.49,0.38,0.13,17,1,4,82.8605877115393,65.06648974788729,17.794097963651996,0.2697744223997627,51.45620453942301,134.58656667336209,36.14804985993739,
2,2,0.1,0.1,4.0,100.0,250.0,0.49,0.38,0.13,17,4,4,83.73056607778373,65.75858824409387,17.971977833689873,0.271694360941065,51.53016964325703,135.53243008198183,36.53254902449659,
2,2,0.1,0.1,4.0,100.0,250.0,0.49,0.38,0.13,17,3,4,84.49625373173761,66.36363823339477,18.13261549834284,0.27380047952797515,51.711661241574994,136.48171545284058,36.86868790744153,
2,2,0.1,0.1,4.0,100.0,250.0,0.49,0.38,0.13,17,2,4,84.9024045003015,66.68672688464905,18.21567761565246,0.2746987051982742,51.74888976060625,136.92599296610604,37.048181602582794,
2,2,0.1,0.1,4.0,100.0,250.0,0.49,0.38,0.13,18,1,5,103.86931147616784,81.794985708241,22.074325767926847,0.3145760052543147,53.48880318616842,157.67269066759056,45.44165872680054,
2,2,0.1,0.1,4.0,100.0,250.0,0.49,0.38,0.13,18,4,5,105.57848849663557,83.15530810297608,22.423180393659504,0.31828555407655723,53.64396094444615,159.5407349951583,46.19739339054227,
2,2,0.1,0.1,4.0,100.0,250.0,0.49,0.38,0.13,18,3,5,106.65389756757652,84.00697818833567,22.64691937924085,0.32105216065314424,53.85541815800514,160.8303678862348,46.670543437964255,
2,2,0.1,0.1,4.0,100.0,250.0,0.49,0.38,0.13,18,2,5,106.66035556973256,84.0118057732279,22.648549796504664,0.32109803237794876,53.85397631394264,160.83542991605316,46.67322542957105,
2,2,0.1,0.1,4.0,100.0,250.0,0.49,0.38,0.13,19,1,5,129.11926761734844,101.91685836485189,27.202409252496544,0.36676608082071505,55.686603938548785,185.17263763671795,56.620476869362165,
2,2,0.1,0.1,4.0,100.0,250.0,0.49,0.38,0.13,19,4,5,131.840743610649,104.08388913198449,27.756854478664525,0.3725679881243955,55.92987398627708,188.14318558505047,57.8243828511025,
2,2,0.1,0.1,4.0,100.0,250.0,0.49,0.38,0.13,19,3,5,132.88953523195084,104.91434757922926,27.975187652721587,0.37527957810213053,56.13901437003581,189.4038291800888,58.285748655127364,
2,2,0.1,0.1,4.0,100.0,250.0,0.49,0.38,0.13,19,2,5,132.37845025728208,104.50674142301855,27.87170883426353,0.37425572095618687,56.09252467173171,188.84523064997,58.05930079056585,
2,2,0.1,0.1,4.0,100.0,250.0,0.49,0.38,0.13,20,1,5,159.83047144167716,126.40707844227565,33.42339299940151,0.4285876986344854,58.16099158690298,218.42005072721463,70.22615469015314,
2,2,0.1,0.1,4.0,100.0,250.0,0.49,0.38,0.13,20,4,5,163.6504005876451,129.45005531713628,34.20034527050879,0.436600790865301,58.492763502835565,222.57976488134597,71.91669739840904,
2,2,0.1,0.1,4.0,100.0,250.0,0.49,0.38,0.13,20,3,5,164.74988324700243,130.32093662390275,34.42894662309969,0.4394144218440719,58.70598804035018,223.89528570919668,72.40052034661264,
2,2,0.1,0.1,4.0,100.0,250.0,0.49,0.38,0.13,20,2,5,163.8852421855637,129.63139210981333,34.25385007575036,0.4376788567039691,58.63101248981091,222.95393353207857,72.0174400610074,
2,2,0.1,0.1,4.0,100.0,250.0,0.49,0.38,0.13,21,1,6,197.266465128667,156.28171151433287,40.9847536143341,0.5017202349500132,60.866602505920355,258.6347878695374,86.82317306351828,
2,2,0.1,0.1,4.0,100.0,250.0,0.49,0.38,0.13,21,4,6,201.6291005468018,159.7577782887819,41.871322258019894,0.5107935230578171,61.23759742279879,263.3774914926584,88.75432127154548,
2,2,0.1,0.1,4.0,100.0,250.0,0.49,0.38,0.13,21,3,6,203.12398208290978,160.9441953993738,42.17978668353597,0.5143795797121253,61.47939861643875,265.11776027906063,89.41344188854099,
2,2,0.1,0.1,4.0,100.0,250.0,0.49,0.38,0.13,21,2,6,202.29673878905805,160.28449501320358,42.012243775854486,0.5127170724323012,61.40712591410424,264.2165817755946,89.04694167400201,
2,2,0.1,0.1,4.0,100.0,250.0,0.49,0.38,0.13,22,1,6,241.23222155207193,191.38927800997453,49.84294354209742,0.5853587903531203,63.797674406342644,305.6152547487677,106.32737667220808,
2,2,0.1,0.1,4.0,100.0,250.0,0.49,0.38,0.13,22,4,6,246.42531223572738,195.5284805024843,50.89683173324302,0.5960119006767903,64.22403341317063,311.2453575495748,108.62693361249131,
2,2,0.1,0.1,4.0,100.0,250.0,0.49,0.38,0.13,22,3,6,248.847083114455,197.45503793766753,51.392045176787455,0.6013612315686361,64.52762768233032,313.97607202835394,109.69724329870418,
2,2,0.1,0.1,4.0,100.0,250.0,0.49,0.38,0.13,22,2,6,246.68243354955706,195.727390962787,50.95504258677004,0.5971545003837317,64.36619390875752,311.6457819586983,108.73743942377057,
2,2,0.1,0.1,4.0,100.0,250.0,0.49,0.38,0.13,23,1,6,293.111482795733,232.84045853522153,60.27102426051155,0.6815508522007808,67.05806881098614,360.8511024589199,129.35581029734524,
2,2,0.1,0.1,4.0,100.0,250.0,0.49,0.38,0.13,23,4,6,300.88756722089784,239.04345564061182,61.844111580286025,0.6969932268235015,67.6467581621591,369.2313186098804,132.8019198003399,
2,2,0.1,0.1,4.0,100.0,250.0,0.49,0.38,0.13,23,3,6,302.35374516122397,240.20650075027643,62.147244410947486,0.7005707426812013,67.89029741521422,370.94461331911936,133.4480559723758,
2,2,0.1,0.1,4.0,100.0,250.0,0.49,0.38,0.13,23,2,6,299.12417833354397,237.62799205057865,61.496186282965375,0.6943894924929701,67.66193804937681,367.48050587541377,132.01555113921034,
2,2,0.1,0.1,4.0,100.0,250.0,0.49,0.38,0.13,24,1,7,353.9711559915819,281.4976309415676,72.47352505001429,0.7912621101568216,70.56779272275429,425.330210824493,156.38757274531537,
2,2,0.1,0.1,4.0,100.0,250.0,0.49,0.38,0.13,24,4,7,365.5141445839287,290.7122594914933,74.80188509243551,0.8134950535269534,71.37371612949558,437.7013557669512,161.5068108286073,
2,2,0.1,0.1,4.0,100.0,250.0,0.49,0.38,0.13,24,3,7,364.65805705467153,290.0186585596453,74.6393984950262,0.8128862395442682,71.4833323721224,436.95427566633816,161.12147697758073,
2,2,0.1,0.1,4.0,100.0,250.0,0.49,0.38,0.13,24,2,7,361.5569162357416,287.542826166294,74.01409006944753,0.8069365019198474,71.26237922143756,433.62623195909896,159.74601453683002,
2,2,0.1,0.1,4.0,100.0,250.0,0.49,0.38,0.13,25,1,7,424.5893347606028,337.99217395678437,86.59716080381848,0.9149471360241939,74.38851522613626,499.8927971227632,187.77342997599132,
2,2,0.1,0.1,4.0,100.0,250.0,0.49,0.38,0.13,25,4,7,441.24184852770605,351.2944226465151,89.94742588119097,0.9461292163506441,75.47088413398063,517.6588618780373,195.1635681369528,
2,2,0.1,0.1,4.0,100.0,250.0,0.49,0.38,0.13,25,3,7,436.8213857660618,347.7493215287575,89.07206423730425,0.9392775361470558,75.38765359270182,513.1483168949106,193.1940675159764,
2,2,0.1,0.1,4.0,100.0,250.0,0.49,0.38,0.13,25,2,7,434.4454313002005,345.8536382178611,88.59179308233931,0.9345979345471187,75.20593588913006,510.58596512387766,192.14091012103393,
2,2,0.1,0.1,4.0,100.0,250.0,0.49,0.38,0.13,26,1,7,506.5115796482555,403.5299698669065,102.98160978134902,1.0584307992206674,78.62076250086258,586.1907729483388,224.18331659272584,
2,2,0.1,0.1,4.0,100.0,250.0,0.49,0.38,0.13,26,4,7,528.9594212675055,421.46848083835465,107.49094042915085,1.099763173533701,80.00252823971456,610.0617126807538,234.14915602130813,
2,2,0.1,0.1,4.0,100.0,250.0,0.49,0.38,0.13,26,3,7,518.6646855536743,413.22396135884753,105.44072419482676,1.082622930035105,79.61582242469312,599.3631309084025,229.56886742158196,
2,2,0.1,0.1,4.0,100.0,250.0,0.49,0.38,0.13,26,2,7,520.4232822929355,414.6359190120492,105.78736328088634,1.0851848359573062,79.64770290918486,601.1561700380777,230.35328834002732,
2,2,0.1,0.1,4.0,100.0,250.0,0.49,0.38,0.13,27,1,8,600.1216064943856,478.41799134381057,121.70361515057503,1.2223851632914127,83.12159435796761,684.4655860156446,265.78777296878366,
2,2,0.1,0.1,4.0,100.0,250.0,0.49,0.38,0.13,27,4,8,630.3157705191777,502.55356023969244,127.7622102794853,1.2772849235638077,84.87580838930411,716.4688638320456,279.1964223553847,
2,2,0.1,0.1,4.0,100.0,250.0,0.49,0.38,0.13,27,3,8,611.2323119591927,487.27806248326226,123.95424947593044,1.244751569799324,84.06653498081049,696.5435985098025,270.71003471292346,
2,2,0.1,0.1,4.0,100.0,250.0,0.49,0.38,0.13,27,2,8,622.1209292956354,495.9940366142091,126.12689268142631,1.2633043558803805,84.537392879841,707.9216265313568,275.5522425634495,
2,2,0.1,0.1,4.0,100.0,250.0,0.49,0.38,0.13,28,1,8,708.2407993218658,564.9133456057948,143.32745371607106,1.4117517739111238,88.05725809554706,797.7098091913239,313.8407475587748,
2,2,0.1,0.1,4.0,100.0,250.0,0.49,0.38,0.13,28,4,8,747.7740049167744,596.5201477577697,151.2538571590046,1.4830085065426395,90.23780132539063,839.4948147487077,331.4000820876498,
2,2,0.1,0.1,4.0,100.0,250.0,0.49,0.38,0.13,28,3,8,713.4467446647145,569.0496086476797,144.3971360170348,1.4237762200179627,88.73264518537792,803.6031660701104,316.13867147093316,
2,2,0.1,0.1,4.0,100.0,250.0,0.49,0.38,0.13,28,2,8,738.9206524717707,589.4338151551174,149.48683731665338,1.4678745817650451,89.86932464111148,830.2578516946472,327.4632306417319,
2,2,0.1,0.1,4.0,100.0,250.0,0.49,0.38,0.13,29,1,8,831.7585829684652,663.7275725230743,168.03101044539093,1.6280884244976448,93.25499154418232,926.6416629371452,368.7375402905968,
2,2,0.1,0.1,4.0,100.0,250.0,0.49,0.38,0.13,29,4,8,882.054427238528,703.9444856151725,178.10994162335533,1.718195505101057,95.88843576840804,979.6610585120371,391.08026978620694,
2,2,0.1,0.1,4.0,100.0,250.0,0.49,0.38,0.13,29,3,8,828.4273594530817,661.0341004783736,167.39325897470826,1.6251603474798324,93.57112730338665,923.6236471039482,367.2411669324298,
2,2,0.1,0.1,4.0,100.0,250.0,0.49,0.38,0.13,29,2,8,872.0094990431572,695.9048924122268,176.10460663093073,1.700974581195531,95.46981656253065,969.1802901868834,386.61382911790366,
2,2,0.1,0.1,4.0,100.0,250.0,0.49,0.38,0.13,30,1,9,970.1616197382922,774.4500019389359,195.71161779935633,1.8704960238070243,98.45062767478458,1070.4827434368838,430.2500010771866,
2,2,0.1,0.1,4.0,100.0,250.0,0.49,0.38,0.13,30,4,9,1033.4325178649576,825.0469581163163,208.3855597486413,1.9833284125373074,101.57115412052246,1136.9870003980172,458.3594211757313,
2,2,0.1,0.1,4.0,100.0,250.0,0.49,0.38,0.13,30,3,9,956.0903961756304,763.1645298564126,192.92586631921802,1.8487572495039128,98.36358490849811,1056.3027383336325,423.9802943646737,
2,2,0.1,0.1,4.0,100.0,250.0,0.49,0.38,0.13,30,2,9,1022.4788333714331,816.2803598748472,206.19847349658585,1.9645158369040872,101.11842029428126,1125.5617695026185,453.48908881935955,
2,2,0.1,0.1,4.0,100.0,250.0,0.49,0.38,0.13,31,1,9,1122.9999840999799,896.7206934282862,226.2792906716939,2.1381865445641957,103.61885231145,1228.757022955994,498.1781630157145,
2,2,0.1,0.1,4.0,100.0,250.0,0.49,0.38,0.13,31,4,9,1203.97898138405,961.4841289315904,242.49485245245978,2.2820339883486374,107.3381775909495,1313.599192963348,534.157849406439,
2,2,0.1,0.1,4.0,100.0,250.0,0.49,0.38,0.13,31,3,9,1097.2136690925652,876.0631481899603,221.15052090260494,2.0959292378712546,103.13566408470649,1202.4452624151431,486.7017489944224,
2,2,0.1,0.1,4.0,100.0,250.0,0.49,0.38,0.13,31,2,9,1187.3502167796887,948.1774666014518,239.17275017823698,2.253281728025954,106.69354110357757,1296.2970396112923,526.7652592230287,
2,2,0.1,0.1,4.0,100.0,250.0,0.49,0.38,0.13,32,1,9,1289.967091625495,1030.294379448698,259.6727121767969,2.4306230159271913,108.48067501566054,1400.8783896570828,572.3857663603878,
2,2,0.1,0.1,4.0,100.0,250.0,0.49,0.38,0.13,32,4,9,1390.8301988120375,1110.9651028739802,279.86509593805727,2.6092967139496688,112.7789946756076,1506.2184902015947,617.2028349299891,
2,2,0.1,0.1,4.0,100.0,250.0,0.49,0.38,0.13,32,3,9,1251.0616900167258,999.1415649292888,251.92012508743707,2.3653881332909203,107.61547937414988,1361.0425575241666,555.0786471829382,
2,2,0.1,0.1,4.0,100.0,250.0,0.49,0.38,0.13,32,2,9,1366.5405633959992,1091.5297438945001,275.01081950149904,2.5671267328499026,111.91128553519506,1481.018975664044,606.4054132747224,
2,2,0.1,0.1,4.0,100.0,250.0,0.49,0.38,0.13,33,1,10,1469.9545574531412,1174.2843521108148,295.6702053423261,2.7458641444121006,112.74106448885628,1585.4414860864094,652.3801956171194,
2,2,0.1,0.1,4.0,100.0,250.0,0.49,0.38,0.13,33,4,10,1594.6832635938624,1274.0475546994403,320.6357088944223,2.966337521716068,117.60429430012056,1715.253895415699,707.8041970552446,
2,2,0.1,0.1,4.0,100.0,250.0,0.49,0.38,0.13,33,3,10,1414.62102525751,1129.9890331219165,284.631992135594,2.6518560224767174,111.48700713247726,1528.7598884124639,627.7716850677314,
2,2,0.1,0.1,4.0,100.0,250.0,0.49,0.38,0.13,33,2,10,1562.103714362846,1247.9802646679775,314.1234496948684,2.909648075196532,116.54035893146136,1681.5537213695038,693.3223692599876,
2,2,0.1,0.1,4.0,100.0,250.0,0.49,0.38,0.13,34,1,10,1662.7370857527221,1328.5103747504795,334.22671100224227,3.083515333031698,116.32647891697262,1782.1470800027264,738.061319305822,
2,2,0.1,0.1,4.0,100.0,250.0,0.49,0.38,0.13,34,4,10,1814.9347459390303,1450.2487405755746,364.6860053634559,3.352099527562922,121.70058274274959,1939.9874282093429,805.6937447642081,
2,2,0.1,0.1,4.0,100.0,250.0,0.49,0.38,0.13,34,3,10,1584.6378447300033,1266.0024886999108,318.63535603009257,2.949633947097574,114.64901959769324,1702.236498274794,703.3347159443949,
2,2,0.1,0.1,4.0,100.0,250.0,0.49,0.38,0.13,34,2,10,1775.149571659321,1418.4169505051575,356.7326211541634,3.282789705722561,120.50263547871243,1898.934996843756,788.0094169473099,
2,2,0.1,0.1,4.0,100.0,250.0,0.49,0.38,0.13,35,1,10,1870.8723250666108,1495.0185662015901,375.8537588650199,3.4480562049033927,118.98531170025498,1993.305692971769,830.5658701119947,
2,2,0.1,0.1,4.0,100.0,250.0,0.49,0.38,0.13,35,4,10,2053.2580165627105,1640.9073570745186,412.35065948819187,3.769513575980973,124.74505386182659,2181.772584000518,911.6151983747327,
2,2,0.1,0.1,4.0,100.0,250.0,0.49,0.38,0.13,35,3,10,1765.276592782641,1410.5134871420212,354.76310564062015,3.2660157713671847,116.95659724209739,1885.4992057961056,783.6186039677895,
2,2,0.1,0.1,4.0,100.0,250.0,0.49,0.38,0.13,35,2,10,2000.2931623091447,1598.5318230250166,401.76133928412816,3.6771200512342834,123.37874219537889,2127.3490245557578,888.0732350138983,
2,2,0.1,0.1,4.0,100.0,250.0,0.49,0.38,0.13,36,1,11,2089.9536749400363,1670.2836461003308,419.6700288397051,3.831768768700642,120.40329306568992,2214.188736774427,927.9353589446283,
2,2,0.1,0.1,4.0,100.0,250.0,0.49,0.38,0.13,36,4,11,2308.015280465488,1844.7131681967403,463.3021122687473,4.215711131978252,126.39394388889662,2438.624935486363,1024.8406489981892,
2,2,0.1,0.1,4.0,100.0,250.0,0.49,0.38,0.13,36,3,11,1958.5827125903272,1565.15838298817,393.42432960215734,3.604584010388715,118.20775109828003,2080.3950476989958,869.5324349934277,
2,2,0.1,0.1,4.0,100.0,250.0,0.49,0.38,0.13,36,2,11,2238.7276255504394,1789.279393618052,449.448231932387,4.094728849248338,124.92198458433154,2367.744338984019,994.0441075655843,
2,2,0.16,0.16,4.0,39.06,250.0,0.49,0.38,0.13,0,1,0,0.0,0.0,0.0,0.0,0.0,0.0,0.0,
2,2,0.16,0.16,4.0,39.06,250.0,0.49,0.38,0.13,0,2,0,0.0,0.0,0.0,0.0,0.0,0.0,0.0,
2,2,0.16,0.16,4.0,39.06,250.0,0.49,0.38,0.13,0,3,0,0.0,0.0,0.0,0.0,0.0,0.0,0.0,
2,2,0.16,0.16,4.0,39.06,250.0,0.49,0.38,0.13,0,4,0,0.0,0.0,0.0,0.0,0.0,0.0,0.0,
2,2,0.16,0.16,4.0,39.06,250.0,0.49,0.38,0.13,1,1,0,0.0,0.0,0.0,0.0,0.0,0.0,0.0,
2,2,0.16,0.16,4.0,39.06,250.0,0.49,0.38,0.13,1,2,0,0.0,0.0,0.0,0.0,0.0,0.0,0.0,
2,2,0.16,0.16,4.0,39.06,250.0,0.49,0.38,0.13,1,3,0,0.0,0.0,0.0,0.0,0.0,0.0,0.0,
2,2,0.16,0.16,4.0,39.06,250.0,0.49,0.38,0.13,1,4,0,0.0,0.0,0.0,0.0,0.0,0.0,0.0,
2,2,0.16,0.16,4.0,39.06,250.0,0.49,0.38,0.13,2,1,0,0.0,0.0,0.0,0.0,1.8004115226337445,1.8004115226337445,0.0,
2,2,0.16,0.16,4.0,39.06,250.0,0.49,0.38,0.13,2,2,0,0.0,0.0,0.0,0.0,1.8004115226337445,1.8004115226337445,0.0,
2,2,0.16,0.16,4.0,39.06,250.0,0.49,0.38,0.13,2,3,0,0.0,0.0,0.0,0.0,1.8004115226337445,1.8004115226337445,0.0,
2,2,0.16,0.16,4.0,39.06,250.0,0.49,0.38,0.13,2,4,0,0.0,0.0,0.0,0.0,1.8004115226337445,1.8004115226337445,0.0,
2,2,0.16,0.16,4.0,39.06,250.0,0.49,0.38,0.13,3,1,0,0.0,0.0,0.0,0.0,5.298353909465019,5.298353909465019,0.0,
2,2,0.16,0.16,4.0,39.06,250.0,0.49,0.38,0.13,3,2,0,0.0,0.0,0.0,0.0,5.298353909465019,5.298353909465019,0.0,
2,2,0.16,0.16,4.0,39.06,250.0,0.49,0.38,0.13,3,3,0,0.0,0.0,0.0,0.0,5.298353909465019,5.298353909465019,0.0,
2,2,0.16,0.16,4.0,39.06,250.0,0.49,0.38,0.13,3,4,0,0.0,0.0,0.0,0.0,5.298353909465019,5.298353909465019,0.0,
2,2,0.16,0.16,4.0,39.06,250.0,0.49,0.38,0.13,4,1,0,0.0,0.0,0.0,0.0,10.39094650205761,10.39094650205761,0.0,
2,2,0.16,0.16,4.0,39.06,250.0,0.49,0.38,0.13,4,2,0,0.0,0.0,0.0,0.0,10.39094650205761,10.39094650205761,0.0,
2,2,0.16,0.16,4.0,39.06,250.0,0.49,0.38,0.13,4,3,0,0.0,0.0,0.0,0.0,10.39094650205761,10.39094650205761,0.0,
2,2,0.16,0.16,4.0,39.06,250.0,0.49,0.38,0.13,4,4,0,0.0,0.0,0.0,0.0,10.39094650205761,10.39094650205761,0.0,
2,2,0.16,0.16,4.0,39.06,250.0,0.49,0.38,0.13,5,1,0,0.0,0.0,0.0,0.0,16.44309156378601,16.44309156378601,0.0,
2,2,0.16,0.16,4.0,39.06,250.0,0.49,0.38,0.13,5,2,0,0.0,0.0,0.0,0.0,16.44309156378601,16.44309156378601,0.0,
2,2,0.16,0.16,4.0,39.06,250.0,0.49,0.38,0.13,5,3,0,0.0,0.0,0.0,0.0,16.44309156378601,16.44309156378601,0.0,
2,2,0.16,0.16,4.0,39.06,250.0,0.49,0.38,0.13,5,4,0,0.0,0.0,0.0,0.0,16.44309156378601,16.44309156378601,0.0,
2,2,0.16,0.16,4.0,39.06,250.0,0.49,0.38,0.13,6,1,1,0.24178688229750284,0.09671475291900114,0.1450721293785017,0.0102888035020214,22.19994862397414,22.452024309773666,0.05373041828833396,
2,2,0.16,0.16,4.0,39.06,250.0,0.49,0.38,0.13,6,2,1,0.24178688229750284,0.09671475291900114,0.1450721293785017,0.0102888035020214,22.19994862397414,22.452024309773666,0.05373041828833396,
2,2,0.16,0.16,4.0,39.06,250.0,0.49,0.38,0.13,6,3,1,0.24178688229750284,0.09671475291900114,0.1450721293785017,0.0102888035020214,22.19994862397414,22.452024309773666,0.05373041828833396,
2,2,0.16,0.16,4.0,39.06,250.0,0.49,0.38,0.13,6,4,1,0.24178688229750284,0.09671475291900114,0.1450721293785017,0.0102888035020214,22.19994862397414,22.452024309773666,0.05373041828833396,
2,2,0.16,0.16,4.0,39.06,250.0,0.49,0.38,0.13,7,1,1,0.6291446689156057,0.2516578675662423,0.3774868013493634,0.026772113570876842,27.85266126761455,28.508578050101033,0.13980992642569018,
2,2,0.16,0.16,4.0,39.06,250.0,0.49,0.38,0.13,7,2,1,0.6260479213595516,0.2504191685438206,0.37562875281573094,0.026640337079129855,27.807470426823404,28.460158685262083,0.1391217603021226,
2,2,0.16,0.16,4.0,39.06,250.0,0.49,0.38,0.13,7,3,1,0.6270937741489425,0.250837509659577,0.3762562644893655,0.02668484145314649,27.82273255783048,28.47651117343257,0.13935417203309833,
2,2,0.16,0.16,4.0,39.06,250.0,0.49,0.38,0.13,7,4,1,0.6266486427384345,0.2506594570953738,0.37598918564306066,0.02666589969099721,27.81623675462428,28.469551297053712,0.13925525394187432,
2,2,0.16,0.16,4.0,39.06,250.0,0.49,0.38,0.13,8,1,1,1.1093999304642879,0.44375997218571517,0.6656399582785726,0.04720850767933141,33.43186996609525,34.58847840423887,0.24653331788095284,
2,2,0.16,0.16,4.0,39.06,250.0,0.49,0.38,0.13,8,2,1,1.1035544363986562,0.4414217745594625,0.6621326618391938,0.046959763251006655,33.35474646019034,34.505260659840005,0.24523431919970143,
2,2,0.16,0.16,4.0,39.06,250.0,0.49,0.38,0.13,8,3,1,1.1048180526092117,0.44192722104368476,0.6628908315655271,0.04701353415358349,33.3725383866434,34.524369973406195,0.2455151228020471,
2,2,0.16,0.16,4.0,39.06,250.0,0.49,0.38,0.13,8,4,1,1.1034673751041852,0.4413869500416741,0.6620804250625112,0.046956058515071716,33.35552269734345,34.50594613096271,0.24521497224537447,
2,2,0.16,0.16,4.0,39.06,250.0,0.49,0.38,0.13,9,1,2,4.327824553435975,2.9061499136226154,1.4216746398133597,0.06430561580416215,36.30103020667236,40.6931603759125,1.6145277297903418,
2,2,0.16,0.16,4.0,39.06,250.0,0.49,0.38,0.13,9,2,2,4.278827501343608,2.8707968174388645,1.4080306839047436,0.06382763908371777,36.18543796245195,40.528093102879275,1.5948871207993691,
2,2,0.16,0.16,4.0,39.06,250.0,0.49,0.38,0.13,9,3,2,4.304807090024235,2.890212249127879,1.4145948408963553,0.06401270765619033,36.22526367680614,40.59408347448656,1.6056734717377104,
2,2,0.16,0.16,4.0,39.06,250.0,0.49,0.38,0.13,9,4,2,4.310271802392835,2.894886376298194,1.4153854260946415,0.06399143714013211,36.21432376927528,40.58858700880825,1.608270209054552,
2,2,0.16,0.16,4.0,39.06,250.0,0.49,0.38,0.13,10,1,2,8.70642882062067,6.311241449849393,2.3951873707712794,0.08194976732284111,38.6128949234804,47.40127351142391,3.5062452499163292,
2,2,0.16,0.16,4.0,39.06,250.0,0.49,0.38,0.13,10,2,2,8.625454516349834,6.251020732821086,2.374433783528747,0.08134293413395166,38.48041897008218,47.18721642056596,3.472789296011714,
2,2,0.16,0.16,4.0,39.06,250.0,0.49,0.38,0.13,10,3,2,8.652417055173121,6.271200571386601,2.38121648378652,0.08153196363100065,38.520763673505606,47.254712692309724,3.4840003174370002,
2,2,0.16,0.16,4.0,39.06,250.0,0.49,0.38,0.13,10,4,2,8.70216426711598,6.310311691557935,2.391852575558045,0.08168913516734935,38.53320453804064,47.31705794032398,3.505728717532186,
2,2,0.16,0.16,4.0,39.06,250.0,0.49,0.38,0.13,11,1,2,14.193388822140761,10.602779869638411,3.5906089525023495,0.10155940813642143,40.82683485061214,55.121783080889315,5.8904332609102275,
2,2,0.16,0.16,4.0,39.06,250.0,0.49,0.38,0.13,11,2,2,14.05411028828241,10.49695742756715,3.55715286071526,0.10074420364542537,40.6708336552277,54.82568814715554,5.831643015315082,
2,2,0.16,0.16,4.0,39.06,250.0,0.49,0.38,0.13,11,3,2,14.12947027482832,10.554990559443315,3.574479715385001,0.10110619896797185,40.73070630160218,54.96128277539847,5.863883644135176,
2,2,0.16,0.16,4.0,39.06,250.0,0.49,0.38,0.13,11,4,2,14.20608600180587,10.615116460936571,3.5909695408693,0.10135939488373623,40.75398837478491,55.06143377147452,5.8972869227425395,
2,2,0.16,0.16,4.0,39.06,250.0,0.49,0.38,0.13,12,1,3,21.14497720664165,16.080124317092316,5.064852889549335,0.12229568950423497,42.677397510262935,63.94467040640882,8.93340239838462,
2,2,0.16,0.16,4.0,39.06,250.0,0.49,0.38,0.13,12,2,3,20.625209813366777,15.674504414905353,4.95070539846142,0.12034550353709589,42.42010745300929,63.165662769913155,8.708058008280753,
2,2,0.16,0.16,4.0,39.06,250.0,0.49,0.38,0.13,12,3,3,21.163956207490234,16.097652226504138,5.0663039809860955,0.12208976006356695,42.6033368828154,63.8893828503692,8.943140125835631,
2,2,0.16,0.16,4.0,39.06,250.0,0.49,0.38,0.13,12,4,3,21.07016993590677,16.02351378594656,5.046656149960212,0.12183465433769829,42.581256722473206,63.77326131271767,8.901952103303644,
2,2,0.16,0.16,4.0,39.06,250.0,0.49,0.38,0.13,13,1,3,29.84689953493698,22.95825742142993,6.8886421135070535,0.14604441805569612,44.50308611674774,74.49603006974041,12.75458745634996,
2,2,0.16,0.16,4.0,39.06,250.0,0.49,0.38,0.13,13,2,3,28.745349063336423,22.092787235637964,6.6525618276984595,0.14250646700841335,44.12373627804889,73.01159180839372,12.273770686465534,
2,2,0.16,0.16,4.0,39.06,250.0,0.49,0.38,0.13,13,3,3,29.714365422488758,22.856027038249383,6.858338384239371,0.14542498873949228,44.39723759758579,74.25702800881405,12.697792799027438,
2,2,0.16,0.16,4.0,39.06,250.0,0.49,0.38,0.13,13,4,3,29.596212333648836,22.762628690961314,6.833583642687525,0.14510338265808667,44.370045208133405,74.11136092444033,12.64590482831184,
2,2,0.16,0.16,4.0,39.06,250.0,0.49,0.38,0.13,14,1,3,40.33125568826302,31.26022462841918,9.07103105984384,0.1731305417331065,46.38763196528965,86.89201819528577,17.36679146023288,
2,2,0.16,0.16,4.0,39.06,250.0,0.49,0.38,0.13,14,2,3,38.83325431268872,30.08082744932042,8.752426863368301,0.1685683677330726,45.93702072586117,84.93884340628296,16.71157080517801,
2,2,0.16,0.16,4.0,39.06,250.0,0.49,0.38,0.13,14,3,3,40.13947966327666,31.11108393353439,9.028395729742275,0.17235806212497937,46.27113480936826,86.58297253476991,17.283935518630212,
2,2,0.16,0.16,4.0,39.06,250.0,0.49,0.38,0.13,14,4,3,40.13362770629546,31.106610485435578,9.027017220859886,0.1723265837635934,46.26412836445418,86.57008265451323,17.281450269686434,
2,2,0.16,0.16,4.0,39.06,250.0,0.49,0.38,0.13,15,1,4,53.02080463572253,41.33038779760602,11.69041683811651,0.2036667022091328,48.21865993602169,101.44313127395336,22.96132655422557,
2,2,0.16,0.16,4.0,39.06,250.0,0.49,0.38,0.13,15,2,4,50.900607218608734,39.657228729296904,11.24337848931183,0.1976072741892228,47.678269433354245,98.7764839261522,22.03179373849828,
2,2,0.16,0.16,4.0,39.06,250.0,0.49,0.38,0.13,15,3,4,52.85889407834315,41.204947719123865,11.653946359219278,0.20296609093259999,48.106472193049,101.16833236232475,22.891637621735484,
2,2,0.16,0.16,4.0,39.06,250.0,0.49,0.38,0.13,15,4,4,52.73376582045354,41.10581906954092,11.627946750912626,0.2026475857997656,48.08225487294045,101.01866827919376,22.83656614974495,
2,2,0.16,0.16,4.0,39.06,250.0,0.49,0.38,0.13,16,1,4,68.08812369155567,53.30351859777881,14.784605093776854,0.2382907748715728,50.09276980094359,118.41918426737084,29.613065887654898,
2,2,0.16,0.16,4.0,39.06,250.0,0.49,0.38,0.13,16,2,4,65.38667635586182,51.168473690525154,14.218202665336678,0.23089565870824608,49.4800820168315,115.09765403140158,28.42692982806953,
2,2,0.16,0.16,4.0,39.06,250.0,0.49,0.38,0.13,16,3,4,68.51904285214832,53.64916615799378,14.869876694154522,0.2389524616359493,50.05431966308521,118.81231497686947,29.80509230999655,
2,2,0.16,0.16,4.0,39.06,250.0,0.49,0.38,0.13,16,4,4,67.91141962936759,53.16662654434622,14.744793085021367,0.23752520313685604,49.970088443348814,118.11903327585325,29.537014746859008,
2,2,0.16,0.16,4.0,39.06,250.0,0.49,0.38,0.13,17,1,4,86.743724613983,68.14209862572756,18.60162598825546,0.279727586773183,52.18201840714509,139.20547060790128,37.856721458737525,
2,2,0.16,0.16,4.0,39.06,250.0,0.49,0.38,0.13,17,2,4,83.35642533069105,65.46153020228823,17.894895128402837,0.2708090933537096,51.49252177449801,135.11975619854277,36.36751677904901,
2,2,0.16,0.16,4.0,39.06,250.0,0.49,0.38,0.13,17,3,4,87.35127073439,68.62823446553192,18.72303626885806,0.2807815877889746,52.16334879692257,139.79540111910154,38.126796925295515,
2,2,0.16,0.16,4.0,39.06,250.0,0.49,0.38,0.13,17,4,4,85.91406845654136,67.48585144885912,18.42821700768224,0.27751171315517187,51.98621266933885,138.1777928390354,37.49213969381063,
2,2,0.16,0.16,4.0,39.06,250.0,0.49,0.38,0.13,18,1,5,109.14568672925228,85.97998049555491,23.165706233697378,0.32750028220466665,54.3494131708671,163.82260018232404,47.76665583086384,
2,2,0.16,0.16,4.0,39.06,250.0,0.49,0.38,0.13,18,2,5,105.39978398517803,83.01386895144465,22.385915033733383,0.3178170587216176,53.62522157448636,159.342822618386,46.118816084135915,
2,2,0.16,0.16,4.0,39.06,250.0,0.49,0.38,0.13,18,3,5,110.06892002253028,86.7174867496345,23.35143327289578,0.32922749332069823,54.36128636408002,164.759433879931,48.176381527574726,
2,2,0.16,0.16,4.0,39.06,250.0,0.49,0.38,0.13,18,4,5,108.06604058737355,85.12467522778876,22.941365359584797,0.3247512992399839,54.12942084706166,162.52021273367518,47.29148623766042,
2,2,0.16,0.16,4.0,39.06,250.0,0.49,0.38,0.13,19,1,5,136.2927697807265,107.61368730700222,28.6790824737243,0.3836116000993179,56.71234319822487,193.3887245790507,59.78538183722344,
2,2,0.16,0.16,4.0,39.06,250.0,0.49,0.38,0.13,19,2,5,132.10280134903167,104.29369660494366,27.809104744087985,0.3730105206935187,55.94949934055298,188.42531121027818,57.94094255830204,
2,2,0.16,0.16,4.0,39.06,250.0,0.49,0.38,0.13,19,3,5,137.35486071620906,108.46185022037317,28.893010495835853,0.38562582125208406,56.73630280571925,194.4767893431804,60.25658345576288,
2,2,0.16,0.16,4.0,39.06,250.0,0.49,0.38,0.13,19,4,5,134.995377597055,106.58485864379186,28.410518953263168,0.38041254972414507,56.473397874588294,191.84918802136747,59.21381035766215,
2,2,0.16,0.16,4.0,39.06,250.0,0.49,0.38,0.13,20,1,5,169.51429100629068,134.10572489611016,35.408566110180566,0.45048648394128266,59.38898597166619,229.35376346189815,74.50318049783895,
2,2,0.16,0.16,4.0,39.06,250.0,0.49,0.38,0.13,20,2,5,163.80043983280507,129.5705352089477,34.22990462385741,0.4368178303369964,58.503363578336895,222.74062124147895,71.98363067163761,
2,2,0.16,0.16,4.0,39.06,250.0,0.49,0.38,0.13,20,3,5,170.46446524403228,134.86464140371686,35.59982384031541,0.4522754169108081,59.4039285020014,230.32066916294448,74.9248007798427,
2,2,0.16,0.16,4.0,39.06,250.0,0.49,0.38,0.13,20,4,5,166.9310266549973,132.05149545223915,34.87953120275816,0.4446989743784205,59.04643851549433,226.42216414487007,73.36194191791064,
2,2,0.16,0.16,4.0,39.06,250.0,0.49,0.38,0.13,21,1,6,209.92711197321452,166.35592260391593,43.57118936929864,0.5294343575221996,62.30974107678319,272.76628740751994,92.41995700217552,
2,2,0.16,0.16,4.0,39.06,250.0,0.49,0.38,0.13,21,2,6,201.81207340240545,159.9045398264331,41.907533575972366,0.5110748995010888,61.2505777085535,263.57372601046006,88.83585545912949,
2,2,0.16,0.16,4.0,39.06,250.0,0.49,0.38,0.13,21,3,6,210.5622679214916,166.8634485410618,43.69881938042976,0.5306078911333709,62.301916295776486,273.3947921084015,92.70191585614545,
2,2,0.16,0.16,4.0,39.06,250.0,0.49,0.38,0.13,21,4,6,204.67744054589082,162.17384973526023,42.503590810630605,0.5184379275297045,61.77448442849604,266.9703629019166,90.09658318625567,
2,2,0.16,0.16,4.0,39.06,250.0,0.49,0.38,0.13,22,1,6,257.8907921269645,204.65591394620196,53.23487818076262,0.6206783902926849,65.50734317841925,324.0188136956765,113.6977299701122,
2,2,0.16,0.16,4.0,39.06,250.0,0.49,0.38,0.13,22,2,6,247.30933046067503,196.23504127760765,51.07428918306739,0.5976269155408207,64.28375039926132,312.19070777547716,109.01946737644872,
2,2,0.16,0.16,4.0,39.06,250.0,0.49,0.38,0.13,22,3,6,258.68353506009464,205.2892763524466,53.39425870764807,0.6221517105750216,65.5100242733658,324.8157110440354,114.04959797358144,
2,2,0.16,0.16,4.0,39.06,250.0,0.49,0.38,0.13,22,4,6,251.26208384714607,199.37265160789053,51.8894322392555,0.6070585401756834,64.88015006646552,316.74929245378723,110.76258422660587,
2,2,0.16,0.16,4.0,39.06,250.0,0.49,0.38,0.13,23,1,6,315.28671860617834,250.5148728610109,64.77184574516748,0.7270991907694245,69.11443690057635,385.1282546975241,139.17492936722826,
2,2,0.16,0.16,4.0,39.06,250.0,0.49,0.38,0.13,23,2,6,302.6972024682248,240.48957818612507,62.20762428209971,0.7003244768020946,67.76464630351036,371.1621732485373,133.60532121451394,
2,2,0.16,0.16,4.0,39.06,250.0,0.49,0.38,0.13,23,3,6,315.64799294852577,250.80349476751124,64.8444981810146,0.7277725024862005,69.09000200070255,385.4657674517145,139.33527487083956,
2,2,0.16,0.16,4.0,39.06,250.0,0.49,0.38,0.13,23,4,6,306.7780505267622,243.7295352971613,63.04851522960096,0.7099936084931953,68.36909618465474,375.8571403199101,135.4052973873118,
2,2,0.16,0.16,4.0,39.06,250.0,0.49,0.38,0.13,24,1,7,384.14349195136634,305.5657089248174,78.57778302654904,0.8512267587598787,73.08534655563,458.0800652657562,169.75872718045412,
2,2,0.16,0.16,4.0,39.06,250.0,0.49,0.38,0.13,24,2,7,369.46263797221474,293.8683943300804,75.59424364213436,0.8206820063858268,71.61495034168503,441.8982703202856,163.2602190722669,
2,2,0.16,0.16,4.0,39.06,250.0,0.49,0.38,0.13,24,3,7,383.8616275093259,305.34014281370435,78.52148469562161,0.8507406892087263,73.0238224068066,457.7361906053412,169.63341267428012,
2,2,0.16,0.16,4.0,39.06,250.0,0.49,0.38,0.13,24,4,7,373.36502464171525,296.9656719603001,76.39935268141518,0.830029427123521,72.20910851123222,446.404162580071,164.9809288668334,
2,2,0.16,0.16,4.0,39.06,250.0,0.49,0.38,0.13,25,1,7,466.005896710593,371.0556327321987,94.95026397839437,0.9946056142714004,77.51442611413243,544.5149284389968,206.14201818455481,
2,2,0.16,0.16,4.0,39.06,250.0,0.49,0.38,0.13,25,2,7,448.32818291341766,356.96083028304264,91.36735263037492,0.9588119771119514,75.88188794260942,525.168882833139,198.31157237946817,
2,2,0.16,0.16,4.0,39.06,250.0,0.49,0.38,0.13,25,3,7,465.2790863650133,370.47410989825426,94.80497646675909,0.9933402390719273,77.4288286338231,543.7012552379083,205.8189499434746,
2,2,0.16,0.16,4.0,39.06,250.0,0.49,0.38,0.13,25,4,7,452.8597968382999,360.56148971756784,92.29830712073212,0.969261465202769,76.51008979292389,530.3391480964266,200.31193873198214,
2,2,0.16,0.16,4.0,39.06,250.0,0.49,0.38,0.13,26,1,7,562.8424183278736,448.5248500260232,114.3175683018505,1.164211059921805,82.51717115939769,646.5238005471931,249.18047223667958,
2,2,0.16,0.16,4.0,39.06,250.0,0.49,0.38,0.13,26,2,7,543.0191325932124,432.71359002687853,110.3055425663339,1.124659535980027,80.773788967455,624.9175810966474,240.39643890382138,
2,2,0.16,0.16,4.0,39.06,250.0,0.49,0.38,0.13,26,3,7,562.6810416273363,448.39567410811264,114.28536751922368,1.163936020018886,82.46078497580699,646.3057626231622,249.10870783784029,
2,2,0.16,0.16,4.0,39.06,250.0,0.49,0.38,0.13,26,4,7,547.7101817332118,436.4417976334974,111.26838409971451,1.1353882687221462,81.41022752143402,630.2557975233681,242.46766535194297,
2,2,0.16,0.16,4.0,39.06,250.0,0.49,0.38,0.13,27,1,8,678.1229773160096,540.749297216532,137.37368009947772,1.3661205281210573,88.05993650067404,767.5490343448048,300.4162762314067,
2,2,0.16,0.16,4.0,39.06,250.0,0.49,0.38,0.13,27,2,8,654.2672406121558,521.7120764420333,132.55516417012257,1.319506321296097,86.122671405416,741.7094183388679,289.84004246779625,
2,2,0.16,0.16,4.0,39.06,250.0,0.49,0.38,0.13,27,3,8,679.2991469502985,541.6901583664824,137.6089885838161,1.3681881492142949,88.06786042740983,768.7351955269227,300.93897687026794,
2,2,0.16,0.16,4.0,39.06,250.0,0.49,0.38,0.13,27,4,8,659.2096883742608,525.6414029463366,133.5682854279243,1.330675369062197,86.77119737102524,747.3115611143483,292.0230016368537,
2,2,0.16,0.16,4.0,39.06,250.0,0.49,0.38,0.13,28,1,8,814.84582508006,650.1275754277723,164.7182496522878,1.6055853409657608,94.3013630611219,910.7527734821476,361.18198634876234,
2,2,0.16,0.16,4.0,39.06,250.0,0.49,0.38,0.13,28,2,8,784.9200218971852,626.2343014700568,158.68572042712844,1.5483396460089693,92.08699816312112,878.5553597063152,347.90794526114274,
2,2,0.16,0.16,4.0,39.06,250.0,0.49,0.38,0.13,28,3,8,816.8739451607884,651.7499969348743,165.1239482259141,1.6091451205207767,94.34817870370148,912.8312689850106,362.0833316304857,
2,2,0.16,0.16,4.0,39.06,250.0,0.49,0.38,0.13,28,4,8,788.3457963279802,628.9502893093122,159.3955070186682,1.556852298729411,92.66628767433835,882.568936301048,349.41682739406224,
2,2,0.16,0.16,4.0,39.06,250.0,0.49,0.38,0.13,29,1,8,973.1181643684012,776.7454468584452,196.37271750995603,1.882793259949303,100.96159778705004,1075.9625554154004,431.52524825469186,
2,2,0.16,0.16,4.0,39.06,250.0,0.49,0.38,0.13,29,2,8,936.0508492389314,747.1389633434538,188.9118858954777,1.8130394813057902,98.44671198895887,1036.310600709196,415.07720185747445,
2,2,0.16,0.16,4.0,39.06,250.0,0.49,0.38,0.13,29,3,8,978.4338500823735,780.9979208721423,197.4359292102311,1.8921110843516442,101.14675698917232,1081.4727181558974,433.8877338178568,
2,2,0.16,0.16,4.0,39.06,250.0,0.49,0.38,0.13,29,4,8,939.3008639206043,749.7143433834115,189.58652053719302,1.821244297581062,99.0186053803627,1040.140713598548,416.50796854633967,
2,2,0.16,0.16,4.0,39.06,250.0,0.49,0.38,0.13,30,1,9,1156.0950768064697,923.1269768088999,232.9680999975697,2.203270289271426,107.83053274337126,1266.1288798391124,512.848320449389,
2,2,0.16,0.16,4.0,39.06,250.0,0.49,0.38,0.13,30,2,9,1111.2455888424224,887.2947550262465,223.95083381617587,2.119886334020026,105.02350495694232,1218.3889801333848,492.941530570137,
2,2,0.16,0.16,4.0,39.06,250.0,0.49,0.38,0.13,30,3,9,1164.4368803366754,929.8003450755839,234.6365352610915,2.217888242718482,108.1292921050596,1274.7840606844536,516.5557472642132,
2,2,0.16,0.16,4.0,39.06,250.0,0.49,0.38,0.13,30,4,9,1112.8153149845843,888.5259042345955,224.28941074998903,2.1251481895011124,105.5323204849591,1220.4727836590446,493.6255023525529,
2,2,0.16,0.16,4.0,39.06,250.0,0.49,0.38,0.13,31,1,9,1367.7720065864087,1092.4685206328513,275.3034859535575,2.574014295867686,114.98838167790625,1485.3344025601828,606.9269559071396,
2,2,0.16,0.16,4.0,39.06,250.0,0.49,0.38,0.13,31,2,9,1309.7820671645416,1046.123937683942,263.6581294805997,2.4676153449480265,111.7370099255834,1423.9866924350729,581.1799653799678,
2,2,0.16,0.16,4.0,39.06,250.0,0.49,0.38,0.13,31,3,9,1377.8401821646778,1100.5229865379856,277.31719562669196,2.5916559236029135,115.34551825782846,1495.7773563461092,611.4016591877698,
2,2,0.16,0.16,4.0,39.06,250.0,0.49,0.38,0.13,31,4,9,1311.5533340381012,1047.5163194774088,264.03701456069234,2.4732301912738315,112.25264054729507,1426.2792047766702,581.9535108207824,
2,2,0.16,0.16,4.0,39.06,250.0,0.49,0.38,0.13,32,1,9,1607.6625170645636,1284.3809290153754,323.28158804918854,2.994173304653168,121.97362055310879,1732.6303109223256,713.5449605640973,
2,2,0.16,0.16,4.0,39.06,250.0,0.49,0.38,0.13,32,2,9,1535.04157291059,1226.331542280781,308.71003062980947,2.862148711295529,118.2962166795725,1656.1999383014581,681.2953012671004,
2,2,0.16,0.16,4.0,39.06,250.0,0.49,0.38,0.13,32,3,9,1620.2751448467848,1294.4709566836714,325.8041881631134,3.0162714426262687,122.40484762713064,1745.6962639165417,719.1505314909284,
2,2,0.16,0.16,4.0,39.06,250.0,0.49,0.38,0.13,32,4,9,1537.276011697582,1228.0944616049935,309.1815500925885,2.868574785425457,118.82533414763404,1658.9699206306414,682.2747008916631,
2,2,0.16,0.16,4.0,39.06,250.0,0.49,0.38,0.13,33,1,10,1876.7461265025822,1499.6478165657904,377.0983099367923,3.465462904214852,128.34295839442842,2008.5545478012255,833.1376758698834,
2,2,0.16,0.16,4.0,39.06,250.0,0.49,0.38,0.13,33,2,10,1787.6404944298372,1428.4106794961788,359.22981493365893,3.3045660135650716,124.27535406690438,1915.2204145103067,793.5614886089879,
2,2,0.16,0.16,4.0,39.06,250.0,0.49,0.38,0.13,33,3,10,1895.3203116759075,1514.5070901469699,380.813221528938,3.498002480822901,128.9152983855977,2027.733612542328,841.3928278594275,
2,2,0.16,0.16,4.0,39.06,250.0,0.49,0.38,0.13,33,4,10,1790.428285523703,1430.6162806658901,359.81200485781267,3.311961262992104,124.81756964895033,1918.5578164356452,794.7868225921613,
2,2,0.16,0.16,4.0,39.06,250.0,0.49,0.38,0.13,34,1,10,2150.5674365025825,1718.70486456579,431.8625719367922,3.945050404214852,133.435550987021,2287.9480378938183,954.8360358698833,
2,2,0.16,0.16,4.0,39.06,250.0,0.49,0.38,0.13,34,2,10,2061.4618044298377,1647.4677274961787,413.9940769336589,3.7841535135650717,129.36794665949697,2194.6139046028993,915.259848608988,
2,2,0.16,0.16,4.0,39.06,250.0,0.49,0.38,0.13,34,3,10,2169.141621675907,1733.56413814697,435.57748352893805,3.977589980822901,134.0078909781903,2307.1271026349204,963.0911878594276,
2,2,0.16,0.16,4.0,39.06,250.0,0.49,0.38,0.13,34,4,10,2064.2495955237027,1649.6733286658903,414.5762668578127,3.791548762992104,129.9101622415429,2197.9513065282376,916.4851825921612,
2,2,0.16,0.16,4.0,39.06,250.0,0.49,0.38,0.13,35,1,10,2424.3887465025823,1937.7619125657902,486.62683393679225,4.424637904214852,136.9334933738523,2565.7468777806494,1076.5343958698836,
2,2,0.16,0.16,4.0,39.06,250.0,0.49,0.38,0.13,35,2,10,2335.2831144298375,1866.5247754961786,468.7583389336589,4.26374101356507,132.86588904632825,2472.412744489731,1036.958208608988,
2,2,0.16,0.16,4.0,39.06,250.0,0.49,0.38,0.13,35,3,10,2442.9629316759074,1952.6211861469696,490.34174552893796,4.457177480822901,137.50583336502157,2584.925942521752,1084.7895478594276,
2,2,0.16,0.16,4.0,39.06,250.0,0.49,0.38,0.13,35,4,10,2338.070905523703,1868.7303766658904,469.3405288578127,4.271136262992103,133.4081046283742,2475.750146415069,1038.1835425921613,
2,2,0.16,0.16,4.0,39.06,250.0,0.49,0.38,0.13,36,1,11,2702.556426502583,2160.29605656579,542.2603699367922,4.911837904214853,138.73390489648602,2846.2021693032834,1200.1644758698835,
2,2,0.16,0.16,4.0,39.06,250.0,0.49,0.38,0.13,36,2,11,2613.4507944298375,2089.058919496178,524.3918749336589,4.750941013565072,134.666300568962,2752.8680360123644,1160.588288608988,
2,2,0.16,0.16,4.0,39.06,250.0,0.49,0.38,0.13,36,3,11,2721.1306116759074,2175.15533014697,545.975281528938,4.944377480822901,139.3062448876553,2865.3812340443856,1208.4196278594277,
2,2,0.16,0.16,4.0,39.06,250.0,0.49,0.38,0.13,36,4,11,2616.238585523703,2091.2645206658904,524.9740648578127,4.758336262992103,135.20851615100793,2756.205437937703,1161.8136225921614,
2,2,0.2,0.2,4.0,25.0,250.0,0.49,0.38,0.13,0,1,0,0.0,0.0,0.0,0.0,0.0,0.0,0.0,
2,2,0.2,0.2,4.0,25.0,250.0,0.49,0.38,0.13,0,2,0,0.0,0.0,0.0,0.0,0.0,0.0,0.0,
2,2,0.2,0.2,4.0,25.0,250.0,0.49,0.38,0.13,0,3,0,0.0,0.0,0.0,0.0,0.0,0.0,0.0,
2,2,0.2,0.2,4.0,25.0,250.0,0.49,0.38,0.13,0,4,0,0.0,0.0,0.0,0.0,0.0,0.0,0.0,
2,2,0.2,0.2,4.0,25.0,250.0,0.49,0.38,0.13,1,1,0,0.0,0.0,0.0,0.0,0.0,0.0,0.0,
2,2,0.2,0.2,4.0,25.0,250.0,0.49,0.38,0.13,1,2,0,0.0,0.0,0.0,0.0,0.0,0.0,0.0,
2,2,0.2,0.2,4.0,25.0,250.0,0.49,0.38,0.13,1,3,0,0.0,0.0,0.0,0.0,0.0,0.0,0.0,
2,2,0.2,0.2,4.0,25.0,250.0,0.49,0.38,0.13,1,4,0,0.0,0.0,0.0,0.0,0.0,0.0,0.0,
2,2,0.2,0.2,4.0,25.0,250.0,0.49,0.38,0.13,2,1,0,0.0,0.0,0.0,0.0,1.8004115226337445,1.8004115226337445,0.0,
2,2,0.2,0.2,4.0,25.0,250.0,0.49,0.38,0.13,2,2,0,0.0,0.0,0.0,0.0,1.8004115226337445,1.8004115226337445,0.0,
2,2,0.2,0.2,4.0,25.0,250.0,0.49,0.38,0.13,2,3,0,0.0,0.0,0.0,0.0,1.8004115226337445,1.8004115226337445,0.0,
2,2,0.2,0.2,4.0,25.0,250.0,0.49,0.38,0.13,2,4,0,0.0,0.0,0.0,0.0,1.8004115226337445,1.8004115226337445,0.0,
2,2,0.2,0.2,4.0,25.0,250.0,0.49,0.38,0.13,3,1,0,0.0,0.0,0.0,0.0,5.298353909465019,5.298353909465019,0.0,
2,2,0.2,0.2,4.0,25.0,250.0,0.49,0.38,0.13,3,2,0,0.0,0.0,0.0,0.0,5.298353909465019,5.298353909465019,0.0,
2,2,0.2,0.2,4.0,25.0,250.0,0.49,0.38,0.13,3,3,0,0.0,0.0,0.0,0.0,5.298353909465019,5.298353909465019,0.0,
2,2,0.2,0.2,4.0,25.0,250.0,0.49,0.38,0.13,3,4,0,0.0,0.0,0.0,0.0,5.298353909465019,5.298353909465019,0.0,
2,2,0.2,0.2,4.0,25.0,250.0,0.49,0.38,0.13,4,1,0,0.0,0.0,0.0,0.0,10.39094650205761,10.39094650205761,0.0,
2,2,0.2,0.2,4.0,25.0,250.0,0.49,0.38,0.13,4,2,0,0.0,0.0,0.0,0.0,10.39094650205761,10.39094650205761,0.0,
2,2,0.2,0.2,4.0,25.0,250.0,0.49,0.38,0.13,4,3,0,0.0,0.0,0.0,0.0,10.39094650205761,10.39094650205761,0.0,
2,2,0.2,0.2,4.0,25.0,250.0,0.49,0.38,0.13,4,4,0,0.0,0.0,0.0,0.0,10.39094650205761,10.39094650205761,0.0,
2,2,0.2,0.2,4.0,25.0,250.0,0.49,0.38,0.13,5,1,0,0.0,0.0,0.0,0.0,16.44309156378601,16.44309156378601,0.0,
2,2,0.2,0.2,4.0,25.0,250.0,0.49,0.38,0.13,5,2,0,0.0,0.0,0.0,0.0,16.44309156378601,16.44309156378601,0.0,
2,2,0.2,0.2,4.0,25.0,250.0,0.49,0.38,0.13,5,3,0,0.0,0.0,0.0,0.0,16.44309156378601,16.44309156378601,0.0,
2,2,0.2,0.2,4.0,25.0,250.0,0.49,0.38,0.13,5,4,0,0.0,0.0,0.0,0.0,16.44309156378601,16.44309156378601,0.0,
2,2,0.2,0.2,4.0,25.0,250.0,0.49,0.38,0.13,6,1,1,0.24178688229750284,0.09671475291900114,0.1450721293785017,0.0102888035020214,22.19994862397414,22.452024309773666,0.05373041828833396,
2,2,0.2,0.2,4.0,25.0,250.0,0.49,0.38,0.13,6,2,1,0.24178688229750284,0.09671475291900114,0.1450721293785017,0.0102888035020214,22.19994862397414,22.452024309773666,0.05373041828833396,
2,2,0.2,0.2,4.0,25.0,250.0,0.49,0.38,0.13,6,3,1,0.24178688229750284,0.09671475291900114,0.1450721293785017,0.0102888035020214,22.19994862397414,22.452024309773666,0.05373041828833396,
2,2,0.2,0.2,4.0,25.0,250.0,0.49,0.38,0.13,6,4,1,0.24178688229750284,0.09671475291900114,0.1450721293785017,0.0102888035020214,22.19994862397414,22.452024309773666,0.05373041828833396,
2,2,0.2,0.2,4.0,25.0,250.0,0.49,0.38,0.13,7,1,1,0.6259239083507657,0.25036956334030636,0.3755543450104595,0.02663505992981982,27.805660704837795,28.458219673118382,0.13909420185572574,
2,2,0.2,0.2,4.0,25.0,250.0,0.49,0.38,0.13,7,2,1,0.627129601522197,0.2508518406088788,0.3762777609133182,0.02668636602222115,27.823255386731255,28.477071354275672,0.13936213367159933,
2,2,0.2,0.2,4.0,25.0,250.0,0.49,0.38,0.13,7,3,1,0.625725166514276,0.2502900666057104,0.3754350999085656,0.026626602830394724,27.80276046498008,28.455112234324748,0.13905003700317248,
2,2,0.2,0.2,4.0,25.0,250.0,0.49,0.38,0.13,7,4,1,0.6251701056850829,0.2500680422740331,0.3751020634110497,0.026602983220641824,27.794660461635466,28.44643355054119,0.13892669015224063,
2,2,0.2,0.2,4.0,25.0,250.0,0.49,0.38,0.13,8,1,1,1.0989187067968385,0.43956748271873547,0.6593512240781031,0.0467624981615676,33.30052334375331,34.44620454871172,0.2442041570659641,
2,2,0.2,0.2,4.0,25.0,250.0,0.49,0.38,0.13,8,2,1,1.1041782388142192,0.4416712955256876,0.6625069432885315,0.046986308034647636,33.36521217486781,34.516376721716675,0.24537294195871534,
2,2,0.2,0.2,4.0,25.0,250.0,0.49,0.38,0.13,8,3,1,1.103187439573656,0.4412749758294624,0.6619124637441935,0.04694414636483643,33.349522531592505,34.499654117530994,0.24515276434970135,
2,2,0.2,0.2,4.0,25.0,250.0,0.49,0.38,0.13,8,4,1,1.0992475896156406,0.4396990358462562,0.6595485537693843,0.046776493175133646,33.30210084567194,34.44812492846271,0.24427724213680901,
2,2,0.2,0.2,4.0,25.0,250.0,0.49,0.38,0.13,9,1,2,4.262307571492594,2.8598500227174513,1.4024575487751432,0.06356724203363333,36.12062032265629,40.44649513618252,1.5888055681763618,
2,2,0.2,0.2,4.0,25.0,250.0,0.49,0.38,0.13,9,2,2,4.277616822388976,2.869642791949013,1.4079740304399628,0.06384443862550492,36.19426827421462,40.5357295352291,1.5942459955272292,
2,2,0.2,0.2,4.0,25.0,250.0,0.49,0.38,0.13,9,3,2,4.310719790800453,2.89533133064371,1.415388460156744,0.06398339191105706,36.208972532943584,40.58367571565509,1.608517405913172,
2,2,0.2,0.2,4.0,25.0,250.0,0.49,0.38,0.13,9,4,2,4.282970879075839,2.875539275300626,1.4074316037752137,0.06368925879683815,36.14032555161029,40.486985689482964,1.597521819611459,
2,2,0.2,0.2,4.0,25.0,250.0,0.49,0.38,0.13,10,1,2,8.552409049197472,6.196115951284562,2.356293097912909,0.08085476012939469,38.38575634149295,47.01902015081981,3.4422866396025347,
2,2,0.2,0.2,4.0,25.0,250.0,0.49,0.38,0.13,10,2,2,8.728289827064845,6.330779732848892,2.397510094215952,0.08177900043167756,38.544184653430115,47.35425348092664,3.517099851582718,
2,2,0.2,0.2,4.0,25.0,250.0,0.49,0.38,0.13,10,3,2,8.717458674653944,6.322302200842702,2.3951564738112436,0.08174091550200674,38.535692081023996,47.334891671179946,3.5123901115792786,
2,2,0.2,0.2,4.0,25.0,250.0,0.49,0.38,0.13,10,4,2,8.763562297379663,6.359942748365876,2.403619549013787,0.08174438071555769,38.5060385912748,47.35134526937002,3.533301526869931,
2,2,0.2,0.2,4.0,25.0,250.0,0.49,0.38,0.13,11,1,2,13.83881517105001,10.330794346653393,3.5080208243966178,0.09974764894497226,40.51877454847106,54.45733736846604,5.739330192585219,
2,2,0.2,0.2,4.0,25.0,250.0,0.49,0.38,0.13,11,2,2,14.10545448119507,10.536443469478723,3.5690110117163485,0.10099624776604152,40.71382312705529,54.9202738560164,5.853579705265956,
2,2,0.2,0.2,4.0,25.0,250.0,0.49,0.38,0.13,11,3,2,14.22437635647616,10.629450202579232,3.59492615389693,0.10142188232162475,40.75768475599089,55.08348299478867,5.905250112544016,
2,2,0.2,0.2,4.0,25.0,250.0,0.49,0.38,0.13,11,4,2,14.240214431570873,10.643419033811703,3.59679539775917,0.10131718262821339,40.715819384927045,55.05735099912613,5.913010574339835,
2,2,0.2,0.2,4.0,25.0,250.0,0.49,0.38,0.13,12,1,3,20.654613611157245,15.701146225386896,4.953467385770351,0.12007887490125646,42.33318895152899,63.107881437587494,8.722859014103832,
2,2,0.2,0.2,4.0,25.0,250.0,0.49,0.38,0.13,12,2,3,20.946431141521135,15.926633948699543,5.019797192821595,0.121402579242089,42.53494015282278,63.602773873586,8.848129971499747,
2,2,0.2,0.2,4.0,25.0,250.0,0.49,0.38,0.13,12,3,3,21.366060968260847,16.256576607393605,5.109484360867244,0.12272521234621799,42.65885239402853,64.1476385746356,9.031431448552002,
2,2,0.2,0.2,4.0,25.0,250.0,0.49,0.38,0.13,12,4,3,20.964299827797227,15.941507725504378,5.022792102292851,0.12137483262202364,42.50581911826902,63.59149377868827,8.856393180835765,
2,2,0.2,0.2,4.0,25.0,250.0,0.49,0.38,0.13,13,1,3,28.795976887604557,22.136204842732703,6.6597720448718505,0.1422977616249969,44.04127063903531,72.97954528826486,12.29789157929595,
2,2,0.2,0.2,4.0,25.0,250.0,0.49,0.38,0.13,13,2,3,29.382165966565736,22.594368360771593,6.787797605794143,0.14442484592455174,44.30478184714964,73.83137265963992,12.55242686709533,
2,2,0.2,0.2,4.0,25.0,250.0,0.49,0.38,0.13,13,3,3,29.91802912253578,23.016183628694424,6.901845493841364,0.14606469557927532,44.45308017879194,74.517173996907,12.786768682608015,
2,2,0.2,0.2,4.0,25.0,250.0,0.49,0.38,0.13,13,4,3,29.269759756774157,22.506270858185257,6.763488898588902,0.14404156140986268,44.24832876060912,73.66213007879314,12.503483810102919,
2,2,0.2,0.2,4.0,25.0,250.0,0.49,0.38,0.13,14,1,3,38.47803889288151,29.802880801498773,8.675158091382734,0.16731117447477806,45.78160542836633,84.42695549572261,16.557156000832656,
2,2,0.2,0.2,4.0,25.0,250.0,0.49,0.38,0.13,14,2,3,39.591987209021305,30.678946937129734,8.913040271891566,0.17080171417026394,46.13998049506287,85.90276941825445,17.04385940951652,
2,2,0.2,0.2,4.0,25.0,250.0,0.49,0.38,0.13,14,3,3,40.1464680434496,31.11550448905841,9.030963554391203,0.17248966222358555,46.29162532391825,86.61058302959142,17.28639138281023,
2,2,0.2,0.2,4.0,25.0,250.0,0.49,0.38,0.13,14,4,3,39.612626623702326,30.69620072128451,8.916425902417819,0.17076215035587367,46.10744214163516,85.89083091569336,17.053444845158058,
2,2,0.2,0.2,4.0,25.0,250.0,0.49,0.38,0.13,15,1,4,50.314131695778,39.1957588544786,11.118372841299399,0.19579357607430428,47.48948465055275,97.99940992240505,21.775421585821444,
2,2,0.2,0.2,4.0,25.0,250.0,0.49,0.38,0.13,15,2,4,52.08042014785487,40.589508608171585,11.490911539683294,0.20085390860942579,47.94198859765926,100.22326265412356,22.549727004539765,
2,2,0.2,0.2,4.0,25.0,250.0,0.49,0.38,0.13,15,3,4,52.78946623724576,41.14872594447909,11.640740292766667,0.2029138028563511,48.115936292149314,101.10831633225143,22.860403302488386,
2,2,0.2,0.2,4.0,25.0,250.0,0.49,0.38,0.13,15,4,4,51.91515206960274,40.45923005717695,11.455922012425791,0.2003669765661562,47.882624876289896,99.9981439224588,22.47735003176497,
2,2,0.2,0.2,4.0,25.0,250.0,0.49,0.38,0.13,16,1,4,64.40588650069374,50.39366492243969,14.012221578254053,0.22817584265395838,49.24225145638535,113.87631379973304,27.996480512466498,
2,2,0.2,0.2,4.0,25.0,250.0,0.49,0.38,0.13,16,2,4,67.30721629150703,52.68936666652562,14.617849624981412,0.23584445298831241,49.83593461142777,117.37899535592311,29.271870370292014,
2,2,0.2,0.2,4.0,25.0,250.0,0.49,0.38,0.13,16,3,4,67.95758895748095,53.201959611960284,14.755629345520681,0.23776951814797842,50.002584362519464,118.1979428381484,29.556644228866826,
2,2,0.2,0.2,4.0,25.0,250.0,0.49,0.38,0.13,16,4,4,66.87620622015275,52.34791825639942,14.528287963753325,0.23474685689495303,49.74351725331312,116.85447033036084,29.08217680911079,
2,2,0.2,0.2,4.0,25.0,250.0,0.49,0.38,0.13,17,1,4,81.2251079407732,63.771597071833966,17.453510868939237,0.26553378775806186,51.125843150761504,132.61648487929276,35.428665039907756,
2,2,0.2,0.2,4.0,25.0,250.0,0.49,0.38,0.13,17,2,4,85.2819428619584,66.98638233518173,18.295560526776665,0.2757689435999908,51.84893181212487,137.40664361768324,37.21465685287874,
2,2,0.2,0.2,4.0,25.0,250.0,0.49,0.38,0.13,17,3,4,86.23126739800094,67.73676023683214,18.494507161168787,0.27835802448657854,52.04906130908266,138.55868673157016,37.631533464906745,
2,2,0.2,0.2,4.0,25.0,250.0,0.49,0.38,0.13,17,4,4,85.08620194776279,66.83206594139332,18.25413600636946,0.2751939146355044,51.78286234603042,137.1442582084287,37.12892552299628,
2,2,0.2,0.2,4.0,25.0,250.0,0.49,0.38,0.13,18,1,5,101.89980461647895,80.2341191981606,21.665685418318347,0.30962305022287007,53.12612460315815,155.33555226985996,44.57451066564477,
2,2,0.2,0.2,4.0,25.0,250.0,0.49,0.38,0.13,18,2,5,107.47761997634478,84.6600068306625,22.817613145682298,0.3231017315595952,53.99636845662289,161.79709016452728,47.033337128145824,
2,2,0.2,0.2,4.0,25.0,250.0,0.49,0.38,0.13,18,3,5,108.83405546735503,85.73455263712678,23.099502830228257,0.3265589858480671,54.23588602804981,163.3965004812529,47.63030702062598,
2,2,0.2,0.2,4.0,25.0,250.0,0.49,0.38,0.13,18,4,5,106.84831521150433,84.16045903656031,22.687856174944006,0.3216021177895288,53.888351592582154,161.058268921876,46.75581057586683,
2,2,0.2,0.2,4.0,25.0,250.0,0.49,0.38,0.13,19,1,5,126.71186650032354,100.00703075424879,26.704835746074743,0.36090802582582193,55.28581026643282,182.35858479258218,55.55946153013822,
2,2,0.2,0.2,4.0,25.0,250.0,0.49,0.38,0.13,19,2,5,134.00282359043814,105.79813342102838,28.204690169409783,0.3779276636639256,56.3051690000432,190.6859202541453,58.7767407894602,
2,2,0.2,0.2,4.0,25.0,250.0,0.49,0.38,0.13,19,3,5,136.20238689738753,107.54457388151562,28.657813015871902,0.38312761026362224,56.61807390481292,193.20358841246406,59.74698548973089,
2,2,0.2,0.2,4.0,25.0,250.0,0.49,0.38,0.13,19,4,5,132.91496008967215,104.93315685396996,27.981803235702177,0.37548023774932426,56.15723837420452,189.447678701626,58.296198252205535,
2,2,0.2,0.2,4.0,25.0,250.0,0.49,0.38,0.13,20,1,5,156.79091249550356,123.99314540981821,32.79776708568536,0.4214571106599292,57.70926524756878,214.92163485373226,68.88508078323235,
2,2,0.2,0.2,4.0,25.0,250.0,0.49,0.38,0.13,20,2,5,165.93050039693074,131.25841286902727,34.67208752790347,0.4421980401852441,58.877567320295526,225.2502657574115,72.92134048279293,
2,2,0.2,0.2,4.0,25.0,250.0,0.49,0.38,0.13,20,3,5,168.5850887147288,133.36770666213408,35.217382052594715,0.44831395160603027,59.22713338211322,228.26053604844805,74.09317036785227,
2,2,0.2,0.2,4.0,25.0,250.0,0.49,0.38,0.13,20,4,5,164.6807270390632,130.2643235502903,34.41640348877292,0.43942468991537265,58.71659169130912,223.8367434202877,72.36906863905016,
2,2,0.2,0.2,4.0,25.0,250.0,0.49,0.38,0.13,21,1,6,193.28424409122496,153.1155162520266,40.168727839198375,0.49274812327504763,60.346747165699874,254.12373938019988,85.06417569557033,
2,2,0.2,0.2,4.0,25.0,250.0,0.49,0.38,0.13,21,2,6,204.42556212595997,161.97820232771105,42.447359798248975,0.5173995033387411,61.65972024544963,266.6026818747483,89.98789018206168,
2,2,0.2,0.2,4.0,25.0,250.0,0.49,0.38,0.13,21,3,6,208.2061960713141,164.9861018911603,43.22009418015385,0.5257151846771829,62.0906689832743,270.82258023926556,91.65894549508904,
2,2,0.2,0.2,4.0,25.0,250.0,0.49,0.38,0.13,21,4,6,203.41231549541524,161.17286582396767,42.239449671447574,0.515088216387401,61.515839108503016,265.44324282030567,89.54048101331536,
2,2,0.2,0.2,4.0,25.0,250.0,0.49,0.38,0.13,22,1,6,237.12798468222454,188.12565058004122,49.0023341021833,0.5761545610304926,63.26968461770449,300.97382386095956,104.51425032224512,
2,2,0.2,0.2,4.0,25.0,250.0,0.49,0.38,0.13,22,2,6,250.92755065003885,199.1110026499994,51.81654800003947,0.6058628771078627,64.75987552457337,316.2932890517201,110.6172236944441,
2,2,0.2,0.2,4.0,25.0,250.0,0.49,0.38,0.13,22,3,6,255.559536580301,202.7987243944551,52.760812185845985,0.6157981336782541,65.24758147717905,321.4229161911583,112.66595799691947,
2,2,0.2,0.2,4.0,25.0,250.0,0.49,0.38,0.13,22,4,6,249.79697624640457,198.21197749102495,51.58499875537963,0.6033283908703468,64.60817247878639,315.00847711606133,110.11776527279164,
2,2,0.2,0.2,4.0,25.0,250.0,0.49,0.38,0.13,23,1,6,289.92880964646076,230.31315431482014,59.61565533164063,0.6740553425530493,66.58799544455712,357.19086043357095,127.9517523971223,
2,2,0.2,0.2,4.0,25.0,250.0,0.49,0.38,0.13,23,2,6,306.9888299667164,243.90358746568683,63.08524250102959,0.7098090382137656,68.28309225934493,375.98173126427514,135.50199303649268,
2,2,0.2,0.2,4.0,25.0,250.0,0.49,0.38,0.13,23,3,6,313.18916783518915,248.8444118519198,64.34475598326935,0.7226522584486872,68.86936256620841,382.78118265984625,138.2468954732888,
2,2,0.2,0.2,4.0,25.0,250.0,0.49,0.38,0.13,23,4,6,305.5250982374274,242.73837184605483,62.786726391372554,0.7066568274885422,68.11045167022382,374.34220673513977,134.85465102558604,
2,2,0.2,0.2,4.0,25.0,250.0,0.49,0.38,0.13,24,1,7,353.30530809789633,280.9825228758127,72.3227852220836,0.7883036617574699,70.24286245876765,424.3364742184215,156.1014015976737,
2,2,0.2,0.2,4.0,25.0,250.0,0.49,0.38,0.13,24,2,7,374.2024828513184,297.6407524015224,76.56173044979599,0.8309745657718943,72.1592446002757,447.192702017366,165.35597355640135,
2,2,0.2,0.2,4.0,25.0,250.0,0.49,0.38,0.13,24,3,7,381.72595948949765,303.6394232705644,78.08653621893335,0.8462029979419472,72.8218191581279,455.39398164556746,168.68856848364686,
2,2,0.2,0.2,4.0,25.0,250.0,0.49,0.38,0.13,24,4,7,372.7276653860616,296.46667376081405,76.26099162524754,0.8278023708769487,71.98596470649582,445.5414324634344,164.70370764489667,
2,2,0.2,0.2,4.0,25.0,250.0,0.49,0.38,0.13,25,1,7,428.7342354596588,341.3256647652227,87.4085706944361,0.9204145288813956,74.32386546961669,503.9785154581569,189.62536931401263,
2,2,0.2,0.2,4.0,25.0,250.0,0.49,0.38,0.13,25,2,7,454.1341957675126,361.5861227344778,92.54807303303484,0.9709718887274937,76.48386610137202,531.5890337576121,200.88117929693212,
2,2,0.2,0.2,4.0,25.0,250.0,0.49,0.38,0.13,25,3,7,464.29924503106935,369.6980517038218,94.6011933272477,0.9908269338206723,77.289360175842,542.579432140732,205.38780650212317,
2,2,0.2,0.2,4.0,25.0,250.0,0.49,0.38,0.13,25,4,7,452.7411002874161,360.4774216818976,92.26367860551844,0.9679428267485293,76.3150076898955,530.0240508040602,200.26523426772096,
2,2,0.2,0.2,4.0,25.0,250.0,0.49,0.38,0.13,26,1,7,519.6057343302315,414.0228638616808,105.58287046855061,1.0795724664597044,79.01844694712258,599.7037537438138,230.01270214537823,
2,2,0.2,0.2,4.0,25.0,250.0,0.49,0.38,0.13,26,2,7,550.9682077198929,439.0533322963821,111.91487542351092,1.140572938796286,81.48648149293395,633.5952621516232,243.91851794243448,
2,2,0.2,0.2,4.0,25.0,250.0,0.49,0.38,0.13,26,3,7,563.9458568480505,449.41534115740666,114.53051569064391,1.1653541444485684,82.4372794238617,647.5484904163608,249.67518953189258,
2,2,0.2,0.2,4.0,25.0,250.0,0.49,0.38,0.13,26,4,7,547.5019442012747,436.28609681298445,111.21584738829014,1.133912802681146,81.21051957381898,629.8463765777748,242.38116489610252,
2,2,0.2,0.2,4.0,25.0,250.0,0.49,0.38,0.13,27,1,8,627.2345305910077,500.12590087030173,127.10862972070585,1.2680801663414814,84.19331048763438,712.6959212449835,277.84772270572324,
2,2,0.2,0.2,4.0,25.0,250.0,0.49,0.38,0.13,27,2,8,666.7105105634556,531.6471745712321,135.06333599222341,1.343291133610952,87.05144778344987,755.1052494805165,295.3595414284623,
2,2,0.2,0.2,4.0,25.0,250.0,0.49,0.38,0.13,27,3,8,682.9633434939104,544.6293304740947,138.3340130198159,1.3738086978095594,88.15971871264398,772.496870904364,302.5718502633859,
2,2,0.2,0.2,4.0,25.0,250.0,0.49,0.38,0.13,27,4,8,662.0500144546461,527.9245530156816,134.1254614389644,1.3345393450150453,86.71806637341264,750.1026201730738,293.2914183420454,
2,2,0.2,0.2,4.0,25.0,250.0,0.49,0.38,0.13,28,1,8,755.5924925322678,602.81227042331,152.7802221089579,1.492894203176321,90.0528782629319,847.138264998376,334.89570579072773,
2,2,0.2,0.2,4.0,25.0,250.0,0.49,0.38,0.13,28,2,8,803.2161595115964,640.851693729745,162.36446578185164,1.5823755310777399,93.28295917258085,898.081494215255,356.0287187387472,
2,2,0.2,0.2,4.0,25.0,250.0,0.49,0.38,0.13,28,3,8,824.6268678348666,657.9601499468596,166.66671788800713,1.6219269157812293,94.62668819088492,920.8754829415328,365.5334166371441,
2,2,0.2,0.2,4.0,25.0,250.0,0.49,0.38,0.13,28,4,8,795.4417057166331,634.6379060252713,160.80379969136183,1.568169765281124,92.80742494369645,889.8173004256107,352.57661445848396,
2,2,0.2,0.2,4.0,25.0,250.0,0.49,0.38,0.13,29,1,8,907.5430983179668,724.3727550518691,183.1703432660977,1.7590298489091127,96.44708906331701,1005.7492172301929,402.42930836214947,
2,2,0.2,0.2,4.0,25.0,250.0,0.49,0.38,0.13,29,2,8,962.5612928173385,768.3278003743385,194.23349244300002,1.8614624075493613,99.98833798370156,1064.4110932085894,426.84877798574365,
2,2,0.2,0.2,4.0,25.0,250.0,0.49,0.38,0.13,29,3,8,991.0531686075809,791.1011905650311,199.95197804255,1.9134161849028843,101.63004855504076,1094.5966333475246,439.5006614250172,
2,2,0.2,0.2,4.0,25.0,250.0,0.49,0.38,0.13,29,4,8,952.4005186888861,760.2049564030738,192.19556228581246,1.8430770934081073,99.41238536444172,1053.655981146736,422.3360868905965,
2,2,0.2,0.2,4.0,25.0,250.0,0.49,0.38,0.13,30,1,9,1084.949884077657,866.2981836596216,218.6517004180358,2.0697510154447833,103.10692202232916,1190.126557115431,481.27676869978967,
2,2,0.2,0.2,4.0,25.0,250.0,0.49,0.38,0.13,30,2,9,1151.1878638688836,919.2290572155745,231.958806653309,2.19183459678541,107.06936055820535,1260.4490590238743,510.6828095642081,
2,2,0.2,0.2,4.0,25.0,250.0,0.49,0.38,0.13,30,3,9,1187.0035724963661,947.8615136760592,239.14205882030703,2.256615785858021,108.98600708031374,1298.246195362538,526.5897298200329,
2,2,0.2,0.2,4.0,25.0,250.0,0.49,0.38,0.13,30,4,9,1136.9982179764663,907.8831158331377,229.11510214332844,2.166392868601361,106.34216449667024,1245.506775341738,504.3795087961876,
2,2,0.2,0.2,4.0,25.0,250.0,0.49,0.38,0.13,31,1,9,1292.3810369202174,1032.2431059336695,260.1379309865478,2.4330587069238776,110.12120013901882,1404.9352957661602,573.4683921853721,
2,2,0.2,0.2,4.0,25.0,250.0,0.49,0.38,0.13,31,2,9,1367.8725756077833,1092.5768266066943,275.295749001089,2.5713495410060756,114.3965474871859,1484.8404726359754,606.987125892608,
2,2,0.2,0.2,4.0,25.0,250.0,0.49,0.38,0.13,31,3,9,1413.9258687035028,1129.3993506417683,284.52651806173435,2.6540614657879,116.65937761633339,1533.239307785624,627.4440836898711,
2,2,0.2,0.2,4.0,25.0,250.0,0.49,0.38,0.13,31,4,9,1350.932013058681,1079.0301518989095,271.9018611597714,2.5410896880307603,113.57632926267573,1467.0494320093874,599.4611954993941,
2,2,0.2,0.2,4.0,25.0,250.0,0.49,0.38,0.13,32,1,9,1529.9388523757987,1222.2893582981346,307.6494940776641,2.8491320900356722,117.03851456017274,1649.826499026007,679.0496434989636,
2,2,0.2,0.2,4.0,25.0,250.0,0.49,0.38,0.13,32,2,9,1616.0801305002337,1291.1428705206547,324.9372599795791,3.006075533413252,121.62396577104334,1740.7101718046902,717.3015947336969,
2,2,0.2,0.2,4.0,25.0,250.0,0.49,0.38,0.13,32,3,9,1674.4385560748253,1337.8095005388266,336.62905553599893,3.1103394247776297,124.24510223579622,1801.793997735399,743.227500299348,
2,2,0.2,0.2,4.0,25.0,250.0,0.49,0.38,0.13,32,4,9,1595.670356802272,1274.8208268937822,320.84952990848956,2.9697394904516514,120.7027295090335,1719.3428258017573,708.2337927187681,
2,2,0.2,0.2,4.0,25.0,250.0,0.49,0.38,0.13,33,1,10,1803.1030464519984,1440.8207135590942,362.282332892904,3.3275686767517296,123.50444179318723,1929.9350569219373,800.4559519772747,
2,2,0.2,0.2,4.0,25.0,250.0,0.49,0.38,0.13,33,2,10,1894.2478105002335,1513.6770145206547,380.5707959795791,3.4932755334132515,128.20832791096103,2025.9494139446078,840.9316747336969,
2,2,0.2,0.2,4.0,25.0,250.0,0.49,0.38,0.13,33,3,10,1952.606236074825,1560.3436445388265,392.2625915359989,3.59753942477763,130.8294643757139,2087.033239875316,866.8575802993481,
2,2,0.2,0.2,4.0,25.0,250.0,0.49,0.38,0.13,33,4,10,1873.838036802272,1497.3549708937824,376.4830659084896,3.456939490451651,127.28709164895119,2004.582067941675,831.8638727187681,
2,2,0.2,0.2,4.0,25.0,250.0,0.49,0.38,0.13,34,1,10,2076.924356451998,1659.8777615590943,417.046594892904,3.8071561767517297,128.5970343857798,2209.3285470145292,922.1543119772747,
2,2,0.2,0.2,4.0,25.0,250.0,0.49,0.38,0.13,34,2,10,2168.0691205002336,1732.7340625206546,435.33505797957906,3.9728630334132515,133.3009205035536,2305.3429040372007,962.6300347336969,
2,2,0.2,0.2,4.0,25.0,250.0,0.49,0.38,0.13,34,3,10,2226.4275460748254,1779.4006925388264,447.0268535359989,4.077126924777629,135.9220569683065,2366.4267299679095,988.555940299348,
2,2,0.2,0.2,4.0,25.0,250.0,0.49,0.38,0.13,34,4,10,2147.6593468022716,1716.4120188937825,431.24732790848964,3.936526990451651,132.37968424154377,2283.9755580342667,953.5622327187682,
2,2,0.2,0.2,4.0,25.0,250.0,0.49,0.38,0.13,35,1,10,2350.745666451998,1878.9348095590944,471.81085689290404,4.28674367675173,132.0949767726111,2487.127386901361,1043.8526719772747,
2,2,0.2,0.2,4.0,25.0,250.0,0.49,0.38,0.13,35,2,10,2441.8904305002334,1951.7911105206545,490.09931997957904,4.452450533413252,136.7988628903849,2583.1417439240317,1084.328394733697,
2,2,0.2,0.2,4.0,25.0,250.0,0.49,0.38,0.13,35,3,10,2500.248856074825,1998.4577405388263,501.79111553599887,4.5567144247776294,139.41999935513778,2644.2255698547406,1110.254300299348,
2,2,0.2,0.2,4.0,25.0,250.0,0.49,0.38,0.13,35,4,10,2421.4806568022714,1935.4690668937822,486.01158990848955,4.416114490451652,135.87762662837505,2561.7743979210977,1075.260592718768,
2,2,0.2,0.2,4.0,25.0,250.0,0.49,0.38,0.13,36,1,11,2628.913346451998,2101.4689535590946,527.444392892904,4.77394367675173,133.89538829524483,2767.5826784239944,1167.4827519772748,
2,2,0.2,0.2,4.0,25.0,250.0,0.49,0.38,0.13,36,2,11,2720.058110500233,2174.3252545206547,545.732855979579,4.9396505334132526,138.59927441301863,2863.597035446665,1207.958474733697,
2,2,0.2,0.2,4.0,25.0,250.0,0.49,0.38,0.13,36,3,11,2778.416536074825,2220.991884538826,557.4246515359987,5.04391442477763,141.2204108777715,2924.680861377374,1233.8843802993479,
2,2,0.2,0.2,4.0,25.0,250.0,0.49,0.38,0.13,36,4,11,2699.648336802272,2158.0032108937826,541.6451259084897,4.903314490451652,137.6780381510088,2842.2296894437322,1198.8906727187682,
2,2,0.25,0.25,4.0,16.0,250.0,0.49,0.38,0.13,0,1,0,0.0,0.0,0.0,0.0,0.0,0.0,0.0,
2,2,0.25,0.25,4.0,16.0,250.0,0.49,0.38,0.13,0,2,0,0.0,0.0,0.0,0.0,0.0,0.0,0.0,
2,2,0.25,0.25,4.0,16.0,250.0,0.49,0.38,0.13,0,3,0,0.0,0.0,0.0,0.0,0.0,0.0,0.0,
2,2,0.25,0.25,4.0,16.0,250.0,0.49,0.38,0.13,0,4,0,0.0,0.0,0.0,0.0,0.0,0.0,0.0,
2,2,0.25,0.25,4.0,16.0,250.0,0.49,0.38,0.13,1,1,0,0.0,0.0,0.0,0.0,0.0,0.0,0.0,
2,2,0.25,0.25,4.0,16.0,250.0,0.49,0.38,0.13,1,2,0,0.0,0.0,0.0,0.0,0.0,0.0,0.0,
2,2,0.25,0.25,4.0,16.0,250.0,0.49,0.38,0.13,1,3,0,0.0,0.0,0.0,0.0,0.0,0.0,0.0,
2,2,0.25,0.25,4.0,16.0,250.0,0.49,0.38,0.13,1,4,0,0.0,0.0,0.0,0.0,0.0,0.0,0.0,
2,2,0.25,0.25,4.0,16.0,250.0,0.49,0.38,0.13,2,1,0,0.0,0.0,0.0,0.0,1.8004115226337445,1.8004115226337445,0.0,
2,2,0.25,0.25,4.0,16.0,250.0,0.49,0.38,0.13,2,2,0,0.0,0.0,0.0,0.0,1.8004115226337445,1.8004115226337445,0.0,
2,2,0.25,0.25,4.0,16.0,250.0,0.49,0.38,0.13,2,3,0,0.0,0.0,0.0,0.0,1.8004115226337445,1.8004115226337445,0.0,
2,2,0.25,0.25,4.0,16.0,250.0,0.49,0.38,0.13,2,4,0,0.0,0.0,0.0,0.0,1.8004115226337445,1.8004115226337445,0.0,
2,2,0.25,0.25,4.0,16.0,250.0,0.49,0.38,0.13,3,1,0,0.0,0.0,0.0,0.0,5.298353909465019,5.298353909465019,0.0,
2,2,0.25,0.25,4.0,16.0,250.0,0.49,0.38,0.13,3,2,0,0.0,0.0,0.0,0.0,5.298353909465019,5.298353909465019,0.0,
2,2,0.25,0.25,4.0,16.0,250.0,0.49,0.38,0.13,3,3,0,0.0,0.0,0.0,0.0,5.298353909465019,5.298353909465019,0.0,
2,2,0.25,0.25,4.0,16.0,250.0,0.49,0.38,0.13,3,4,0,0.0,0.0,0.0,0.0,5.298353909465019,5.298353909465019,0.0,
2,2,0.25,0.25,4.0,16.0,250.0,0.49,0.38,0.13,4,1,0,0.0,0.0,0.0,0.0,10.39094650205761,10.39094650205761,0.0,
2,2,0.25,0.25,4.0,16.0,250.0,0.49,0.38,0.13,4,2,0,0.0,0.0,0.0,0.0,10.39094650205761,10.39094650205761,0.0,
2,2,0.25,0.25,4.0,16.0,250.0,0.49,0.38,0.13,4,3,0,0.0,0.0,0.0,0.0,10.39094650205761,10.39094650205761,0.0,
2,2,0.25,0.25,4.0,16.0,250.0,0.49,0.38,0.13,4,4,0,0.0,0.0,0.0,0.0,10.39094650205761,10.39094650205761,0.0,
2,2,0.25,0.25,4.0,16.0,250.0,0.49,0.38,0.13,5,1,0,0.0,0.0,0.0,0.0,16.44309156378601,16.44309156378601,0.0,
2,2,0.25,0.25,4.0,16.0,250.0,0.49,0.38,0.13,5,2,0,0.0,0.0,0.0,0.0,16.44309156378601,16.44309156378601,0.0,
2,2,0.25,0.25,4.0,16.0,250.0,0.49,0.38,0.13,5,3,0,0.0,0.0,0.0,0.0,16.44309156378601,16.44309156378601,0.0,
2,2,0.25,0.25,4.0,16.0,250.0,0.49,0.38,0.13,5,4,0,0.0,0.0,0.0,0.0,16.44309156378601,16.44309156378601,0.0,
2,2,0.25,0.25,4.0,16.0,250.0,0.49,0.38,0.13,6,1,1,0.24178688229750284,0.09671475291900114,0.1450721293785017,0.0102888035020214,22.19994862397414,22.452024309773666,0.05373041828833396,
2,2,0.25,0.25,4.0,16.0,250.0,0.49,0.38,0.13,6,2,1,0.24178688229750284,0.09671475291900114,0.1450721293785017,0.0102888035020214,22.19994862397414,22.452024309773666,0.05373041828833396,
2,2,0.25,0.25,4.0,16.0,250.0,0.49,0.38,0.13,6,3,1,0.24178688229750284,0.09671475291900114,0.1450721293785017,0.0102888035020214,22.19994862397414,22.452024309773666,0.05373041828833396,
2,2,0.25,0.25,4.0,16.0,250.0,0.49,0.38,0.13,6,4,1,0.24178688229750284,0.09671475291900114,0.1450721293785017,0.0102888035020214,22.19994862397414,22.452024309773666,0.05373041828833396,
2,2,0.25,0.25,4.0,16.0,250.0,0.49,0.38,0.13,7,1,1,0.6249518282457177,0.2499807312982871,0.3749710969474306,0.026593694818966715,27.791475138701614,28.443020661766298,0.13887818405460392,
2,2,0.25,0.25,4.0,16.0,250.0,0.49,0.38,0.13,7,2,1,0.625825229192023,0.2503300916768092,0.3754951375152138,0.02663086081668183,27.80422067975618,28.456676769764886,0.1390722731537829,
2,2,0.25,0.25,4.0,16.0,250.0,0.49,0.38,0.13,7,3,1,0.6258531784373841,0.25034127137495366,0.37551190706243043,0.026632050146271666,27.80462854312718,28.457113771710837,0.13907848409719645,
2,2,0.25,0.25,4.0,16.0,250.0,0.49,0.38,0.13,7,4,1,0.6257251665148267,0.25029006660593067,0.375435099908896,0.02662660283041816,27.80276046498812,28.455112234333363,0.13905003700329482,
2,2,0.25,0.25,4.0,16.0,250.0,0.49,0.38,0.13,8,1,1,1.1013366905346,0.44053467621384,0.66080201432076,0.04686539108657874,33.32572073746064,34.47392281908182,0.24474148678546667,
2,2,0.25,0.25,4.0,16.0,250.0,0.49,0.38,0.13,8,2,1,1.1023233447652543,0.4409293379061017,0.6613940068591526,0.04690737637298955,33.33978196156912,34.48901268270737,0.24496074328116765,
2,2,0.25,0.25,4.0,16.0,250.0,0.49,0.38,0.13,8,3,1,1.1053385999427132,0.44213543997708527,0.6632031599656278,0.04703568510394525,33.37489387625574,34.5272681613024,0.24563079998726958,
2,2,0.25,0.25,4.0,16.0,250.0,0.49,0.38,0.13,8,4,1,1.1028062363867293,0.44112249455469166,0.6616837418320375,0.046927924952626786,33.34509402803224,34.494828189371596,0.24506805253038424,
2,2,0.25,0.25,4.0,16.0,250.0,0.49,0.38,0.13,9,1,2,4.298817820317051,2.8869009250032143,1.4119168953138368,0.06385124193199014,36.176210278861376,40.538879341110416,1.603833847224008,
2,2,0.25,0.25,4.0,16.0,250.0,0.49,0.38,0.13,9,2,2,4.306642714448737,2.892527467233938,1.414115247214799,0.06392955372613925,36.19636765507468,40.566939923249556,1.6069597040188546,
2,2,0.25,0.25,4.0,16.0,250.0,0.49,0.38,0.13,9,3,2,4.3527340705164335,2.926690736234158,1.4260433342822756,0.06428669390129278,36.26988103957085,40.686901803988576,1.625939297907865,
2,2,0.25,0.25,4.0,16.0,250.0,0.49,0.38,0.13,9,4,2,4.2880009631851514,2.8780885184923246,1.409912444692826,0.06384850723192548,36.18463049049806,40.53647996091514,1.5989380658290688,
2,2,0.25,0.25,4.0,16.0,250.0,0.49,0.38,0.13,10,1,2,8.62892183774626,6.254275467441584,2.3746463703046747,0.08129995542906186,38.46246728843576,47.17268908161108,3.4745974819119914,
2,2,0.25,0.25,4.0,16.0,250.0,0.49,0.38,0.13,10,2,2,8.732500983456054,6.334366832641111,2.3981341508149447,0.0817641213493908,38.53318207111917,47.347447175924614,3.519092684800617,
2,2,0.25,0.25,4.0,16.0,250.0,0.49,0.38,0.13,10,3,2,8.762981312231318,6.3563899369537715,2.4065913752775465,0.08205835487345138,38.59845296988513,47.4434926369899,3.531327742752095,
2,2,0.25,0.25,4.0,16.0,250.0,0.49,0.38,0.13,10,4,2,8.544014451108467,6.187845377408617,2.356169073699852,0.08099866336940698,38.43176834918274,47.05678146366061,3.4376918763381203,
2,2,0.25,0.25,4.0,16.0,250.0,0.49,0.38,0.13,11,1,2,13.970440203979152,10.432059027435923,3.538381176543232,0.10038980783038265,40.6177227995447,54.688552811354235,5.795588348575511,
2,2,0.25,0.25,4.0,16.0,250.0,0.49,0.38,0.13,11,2,2,14.24948777682879,10.649390229689477,3.6000975471393164,0.1014810737896007,40.759237543716495,55.11020639433488,5.916327905383042,
2,2,0.25,0.25,4.0,16.0,250.0,0.49,0.38,0.13,11,3,2,14.23140559609919,10.633430940246077,3.5979746558531156,0.10160175158004328,40.80491389855927,55.137921246238506,5.907461633470041,
2,2,0.25,0.25,4.0,16.0,250.0,0.49,0.38,0.13,11,4,2,13.923734543326647,10.395507809259628,3.528226734067022,0.1002250434882294,40.60243791951952,54.62639750633439,5.775282116255349,
2,2,0.25,0.25,4.0,16.0,250.0,0.49,0.38,0.13,12,1,3,20.550972106472997,15.617038039970742,4.933934066502258,0.12001924408760187,42.36950756380765,63.04049891436825,8.67613224442819,
2,2,0.25,0.25,4.0,16.0,250.0,0.49,0.38,0.13,12,2,3,21.077621932992813,16.02946175264122,5.048160180351594,0.12184909664249019,42.57693580281596,63.77640683245126,8.905256529245124,
2,2,0.25,0.25,4.0,16.0,250.0,0.49,0.38,0.13,12,3,3,21.439788379584932,16.31311063795055,5.126677741634383,0.12310403930733874,42.723837068022235,64.28672948691451,9.062839243305861,
2,2,0.25,0.25,4.0,16.0,250.0,0.49,0.38,0.13,12,4,3,20.580293490561946,15.640390585990179,4.9399029045717695,0.12008126506473436,42.37446162808415,63.07483638371083,8.689105881105656,
2,2,0.25,0.25,4.0,16.0,250.0,0.49,0.38,0.13,13,1,3,28.934959009425434,22.243870099367747,6.691088910057689,0.14290028365857074,44.128492393615545,73.20635168669955,12.357705610759862,
2,2,0.25,0.25,4.0,16.0,250.0,0.49,0.38,0.13,13,2,3,29.393157392115995,22.60218873914982,6.790968652966182,0.14454332292127758,44.321559320676705,73.85926003571397,12.556771521749903,
2,2,0.25,0.25,4.0,16.0,250.0,0.49,0.38,0.13,13,3,3,29.533342109438284,22.71037985512417,6.822962254314117,0.14519244728151182,44.42188817364046,74.10042273036026,12.616877697291205,
2,2,0.25,0.25,4.0,16.0,250.0,0.49,0.38,0.13,13,4,3,28.88842744166847,22.207267306845875,6.681160134822594,0.14275529162234202,44.11753228804212,73.14871502133293,12.337370726025487,
2,2,0.25,0.25,4.0,16.0,250.0,0.49,0.38,0.13,14,1,3,39.361638416931214,30.500166361436477,8.861472055494733,0.169837400620857,46.00267094155231,85.53414675910437,16.944536867464713,
2,2,0.25,0.25,4.0,16.0,250.0,0.49,0.38,0.13,14,2,3,39.77808161084825,30.8254214346199,8.95266017622835,0.17137256619148838,46.18823244181306,86.1376866188528,17.125234130344392,
2,2,0.25,0.25,4.0,16.0,250.0,0.49,0.38,0.13,14,3,3,39.52838961063117,30.624891282788635,8.903498327842536,0.17101445187766595,46.218481593292346,85.91788565580119,17.01382849043813,
2,2,0.25,0.25,4.0,16.0,250.0,0.49,0.38,0.13,14,4,3,38.650293336103715,29.93713544080071,8.713157895303008,0.16797487621791932,45.87221169575613,84.69047990807776,16.63174191155595,
2,2,0.25,0.25,4.0,16.0,250.0,0.49,0.38,0.13,15,1,4,51.85094374238282,40.41142034042611,11.439523401956704,0.1998916943732313,47.80480492445426,99.8556403612103,22.45078907801451,
2,2,0.25,0.25,4.0,16.0,250.0,0.49,0.38,0.13,15,2,4,52.582584425078636,40.98680961110249,11.595774813976156,0.20218535192327355,48.035847585680465,100.82061736268238,22.770449783945836,
2,2,0.25,0.25,4.0,16.0,250.0,0.49,0.38,0.13,15,3,4,51.86532330165643,40.415226289214154,11.450097012442289,0.2007020781700618,47.998629237220705,100.0646546170472,22.452903494007867,
2,2,0.25,0.25,4.0,16.0,250.0,0.49,0.38,0.13,15,4,4,50.74819103215468,39.537776433462085,11.2104145986926,0.1970872857289856,47.61786783847969,98.56314615636336,21.96543135192338,
2,2,0.25,0.25,4.0,16.0,250.0,0.49,0.38,0.13,16,1,4,66.7297272794954,52.23473282071368,14.494994458781724,0.23408252025331794,49.655464282075364,116.6192740818241,29.019296011507603,
2,2,0.25,0.25,4.0,16.0,250.0,0.49,0.38,0.13,16,2,4,68.15686810948338,53.36279600797806,14.794072101505321,0.2379744082216149,49.97301494663414,118.36785746433914,29.64599778221004,
2,2,0.25,0.25,4.0,16.0,250.0,0.49,0.38,0.13,16,3,4,66.741714510627,52.236637724089796,14.50507678653723,0.2348874065795557,49.848991031237134,116.8255929484437,29.02035429116099,
2,2,0.25,0.25,4.0,16.0,250.0,0.49,0.38,0.13,16,4,4,65.11196128715497,50.95183751556082,14.160123771594144,0.23009463250201273,49.404468588926164,114.74652450858315,28.306576397533792,
2,2,0.25,0.25,4.0,16.0,250.0,0.49,0.38,0.13,17,1,4,84.59017323803332,66.4408502110151,18.14932302701821,0.2737531769499405,51.65566314890218,136.51958956388543,36.911583450563946,
2,2,0.25,0.25,4.0,16.0,250.0,0.49,0.38,0.13,17,2,4,87.02236264160162,68.36832445735284,18.654038184248787,0.27987742445833474,52.085769626605156,139.3880096926651,37.98240247630713,
2,2,0.25,0.25,4.0,16.0,250.0,0.49,0.38,0.13,17,3,4,84.18559431728158,66.11142029396073,18.074174023320886,0.2736328090668959,51.802538479230975,136.26176560557946,36.728566829978185,
2,2,0.25,0.25,4.0,16.0,250.0,0.49,0.38,0.13,17,4,4,82.63546448278346,64.8899521664673,17.74551231631617,0.26901689015502683,51.36693309379352,134.271414466732,36.04997342581517,
2,2,0.25,0.25,4.0,16.0,250.0,0.49,0.38,0.13,18,1,5,106.41856752374085,83.82202051533714,22.596547008403714,0.3203027258958636,53.76756509891283,160.50643534854953,46.5677891751873,
2,2,0.25,0.25,4.0,16.0,250.0,0.49,0.38,0.13,18,2,5,109.79086404469525,86.49806846332787,23.2927955813674,0.32843177328565965,54.288627147073264,164.40792296505418,48.05448247962659,
2,2,0.25,0.25,4.0,16.0,250.0,0.49,0.38,0.13,18,3,5,105.62858478710548,83.18570731258934,22.442877474516152,0.31936047558039626,53.87715252525507,159.82509778794093,46.214281840327416,
2,2,0.25,0.25,4.0,16.0,250.0,0.49,0.38,0.13,18,4,5,103.80473330099919,81.74628441571113,22.05844888528807,0.3141608390000481,53.415064509797965,157.5339586497972,45.41460245317285,
2,2,0.25,0.25,4.0,16.0,250.0,0.49,0.38,0.13,19,1,5,132.50992352418228,104.61441080479749,27.895512719384794,0.37423192219541895,56.03860278023662,188.92275822661432,58.119117113776376,
2,2,0.25,0.25,4.0,16.0,250.0,0.49,0.38,0.13,19,2,5,136.96288219982287,108.15164623920727,28.811235960615637,0.3845946304755339,56.653727569867115,194.00120440016553,60.084247910670705,
2,2,0.25,0.25,4.0,16.0,250.0,0.49,0.38,0.13,19,3,5,131.71860255719014,103.97703115660032,27.741571400589862,0.3732869058417433,56.14807372464644,188.2399631876783,57.76501730922239,
2,2,0.25,0.25,4.0,16.0,250.0,0.49,0.38,0.13,19,4,5,128.90012734476588,101.74498541909966,27.155141925666225,0.3660314444058419,55.5994119043948,184.86557069356653,56.52499189949982,
2,2,0.25,0.25,4.0,16.0,250.0,0.49,0.38,0.13,20,1,5,164.26513836682108,129.93716287113062,34.32797549569048,0.4381551329827673,58.597105918925514,223.30039941872934,72.18731270618368,
2,2,0.25,0.25,4.0,16.0,250.0,0.49,0.38,0.13,20,2,5,170.32805289603886,134.75823509014103,35.569817805897834,0.45175868053594403,59.3419441154701,230.12175569204487,74.86568616118946,
2,2,0.25,0.25,4.0,16.0,250.0,0.49,0.38,0.13,20,3,5,163.74346389855938,129.51480905307633,34.228654845483035,0.43775291471947864,58.72830215843275,222.9095189717116,71.95267169615352,
2,2,0.25,0.25,4.0,16.0,250.0,0.49,0.38,0.13,20,4,5,159.04198986044386,125.78119223062275,33.260797629821134,0.42670697882313147,58.02792798386223,217.4966248231292,69.87844012812376,
2,2,0.25,0.25,4.0,16.0,250.0,0.49,0.38,0.13,21,1,6,202.50491933569774,160.4532334408841,42.051685894813666,0.5128578961520028,61.360808942152104,264.37858617400184,89.14068524493563,
2,2,0.25,0.25,4.0,16.0,250.0,0.49,0.38,0.13,21,2,6,209.41230863945486,165.9482125485138,43.464096090941055,0.5281111550133104,62.16667984935297,272.10709964382113,92.19345141584103,
2,2,0.25,0.25,4.0,16.0,250.0,0.49,0.38,0.13,21,3,6,201.87729910495295,159.94633289472145,41.93096621023154,0.5122487090985426,61.48434816541464,263.8738959794661,88.8590738304008,
2,2,0.25,0.25,4.0,16.0,250.0,0.49,0.38,0.13,21,4,6,196.17557330619965,155.41449619386458,40.761077112335066,0.4992487460479773,60.71168281278762,257.38650486503525,86.34138677436923,
2,2,0.25,0.25,4.0,16.0,250.0,0.49,0.38,0.13,22,1,6,247.79511584326386,196.61839275663766,51.176723086626254,0.5990160091464869,64.38017749502119,312.77430934743154,109.23244042035422,
2,2,0.25,0.25,4.0,16.0,250.0,0.49,0.38,0.13,22,2,6,257.1524389830485,204.06969474041534,53.08274424263315,0.6189299162838117,65.34937852113367,323.12074742046605,113.3720526335641,
2,2,0.25,0.25,4.0,16.0,250.0,0.49,0.38,0.13,22,3,6,248.47029992648478,197.15180842027436,51.318491506210435,0.6008852207299944,64.59057097548424,313.661756122699,109.528782455708,
2,2,0.25,0.25,4.0,16.0,250.0,0.49,0.38,0.13,22,4,6,241.44410155432726,191.56235295597264,49.88174859835468,0.5853656382819202,63.72960680444503,305.7590739970542,106.4235294199848,
2,2,0.25,0.25,4.0,16.0,250.0,0.49,0.38,0.13,23,1,6,302.7851245552878,240.55503957011783,62.230084985170016,0.7009758711843586,67.83606935658632,371.3221697830585,133.64168865006545,
2,2,0.25,0.25,4.0,16.0,250.0,0.49,0.38,0.13,23,2,6,314.4834272914189,249.87676849383067,64.60665879758822,0.7252303114888434,68.95239115108187,384.1610487539896,138.82042694101705,
2,2,0.25,0.25,4.0,16.0,250.0,0.49,0.38,0.13,23,3,6,304.17170467204187,241.6568558760156,62.51484879602627,0.7041641195007603,68.09117109988148,372.9670398914241,134.2538088200087,
2,2,0.25,0.25,4.0,16.0,250.0,0.49,0.38,0.13,23,4,6,294.88306908723905,234.25972830767333,60.62334077956573,0.6844496334424923,67.08802222049955,362.65554094118113,130.14429350426298,
2,2,0.25,0.25,4.0,16.0,250.0,0.49,0.38,0.13,24,1,7,368.96895252212863,293.4688617908093,75.50009073131942,0.8202849413994047,71.6528325988085,441.44207006233654,163.03825655044957,
2,2,0.25,0.25,4.0,16.0,250.0,0.49,0.38,0.13,24,2,7,383.31288915565665,304.9057690897897,78.40712006586689,0.8493086452857117,72.92172577701157,457.0839235779539,169.3920939387721,
2,2,0.25,0.25,4.0,16.0,250.0,0.49,0.38,0.13,24,3,7,371.7027963914781,295.6478124493005,76.0549839421777,0.8259018915693337,71.98562985967119,444.5143281427186,164.2487846940558,
2,2,0.25,0.25,4.0,16.0,250.0,0.49,0.38,0.13,24,4,7,359.04410053254765,285.5563292400674,73.48777129248033,0.8001122241529206,70.78813256356112,430.6323453202617,158.64240513337077,
2,2,0.25,0.25,4.0,16.0,250.0,0.49,0.38,0.13,25,1,7,448.0298908772091,356.7176124748736,91.3122784023355,0.9587571361798881,75.93034175547716,524.9189897688661,198.17645137492977,
2,2,0.25,0.25,4.0,16.0,250.0,0.49,0.38,0.13,25,2,7,466.26434225846566,371.266931572037,94.99741068642871,0.9945949271128764,77.40972715403336,544.668664339612,206.25940642890941,
2,2,0.25,0.25,4.0,16.0,250.0,0.49,0.38,0.13,25,3,7,452.7509411277927,360.4863282383522,92.26461288944063,0.9678546019472342,76.37065473356728,530.0894504633072,200.27018235464007,
2,2,0.25,0.25,4.0,16.0,250.0,0.49,0.38,0.13,25,4,7,436.1070593622248,347.2066963038091,88.90036305841576,0.9350850345880464,74.95754313333512,511.999687530148,192.89260905767173,
2,2,0.25,0.25,4.0,16.0,250.0,0.49,0.38,0.13,26,1,7,542.811990424748,432.5432921129048,110.2686983118433,1.124764340537925,80.82695174282591,624.7637065081119,240.30182895161377,
2,2,0.25,0.25,4.0,16.0,250.0,0.49,0.38,0.13,26,2,7,564.9447365810241,450.21124703008365,114.73348955094038,1.167429844936365,82.50772990668392,648.6198963326444,250.11735946115758,
2,2,0.25,0.25,4.0,16.0,250.0,0.49,0.38,0.13,26,3,7,550.3459857536543,438.56236393904146,111.78362181461294,1.1387885714929404,81.41258641172189,632.8973607368691,243.64575774391193,
2,2,0.25,0.25,4.0,16.0,250.0,0.49,0.38,0.13,26,4,7,527.738519275845,420.5118642347052,107.22665504113978,1.0955740147237534,79.69138553512046,608.5254788256892,233.61770235261397,
2,2,0.25,0.25,4.0,16.0,250.0,0.49,0.38,0.13,27,1,8,655.9084944177853,523.0204953073345,132.88799911045072,1.322848520358556,86.26470627884133,743.4960492169852,290.56694183740814,
2,2,0.25,0.25,4.0,16.0,250.0,0.49,0.38,0.13,27,2,8,682.6668981978528,544.3889763235467,138.27792187430612,1.373615686295501,88.16788911338107,772.2084029975293,302.43832017974813,
2,2,0.25,0.25,4.0,16.0,250.0,0.49,0.38,0.13,27,3,8,667.0070852575534,531.8912435421606,135.11584171539275,1.3431160033437566,87.02172905191286,755.37193031281,295.4951353012004,
2,2,0.25,0.25,4.0,16.0,250.0,0.49,0.38,0.13,27,4,8,638.1723841469411,508.8589561315822,129.31342801535905,1.2889946844622295,85.00111862527405,724.4624974566773,282.6994200731012,
2,2,0.25,0.25,4.0,16.0,250.0,0.49,0.38,0.13,28,1,8,790.304493531095,630.5372945979823,159.76719893311267,1.55823794722513,92.39991171232776,884.2626431906479,350.29849699887905,
2,2,0.25,0.25,4.0,16.0,250.0,0.49,0.38,0.13,28,2,8,823.9455410404663,657.4118905976376,166.53365044282884,1.6210597991159457,94.61728867082482,920.1838895104071,365.22882810979866,
2,2,0.25,0.25,4.0,16.0,250.0,0.49,0.38,0.13,28,3,8,805.4338223766817,642.6326332374633,162.80118913921842,1.585565112904002,93.34093851734528,900.360326006931,357.0181295763686,
2,2,0.25,0.25,4.0,16.0,250.0,0.49,0.38,0.13,28,4,8,769.0936440917892,613.5959640874605,155.4976800043286,1.5182982392286564,90.97770148988235,861.5896438209002,340.88664671525584,
2,2,0.25,0.25,4.0,16.0,250.0,0.49,0.38,0.13,29,1,8,949.5719494576701,757.9512593392425,191.62069011842772,1.8371887747527114,99.10202179323022,1050.511160025653,421.08403296624584,
2,2,0.25,0.25,4.0,16.0,250.0,0.49,0.38,0.13,29,2,8,990.2380562126488,790.4459027353835,199.79215347726532,1.9123147479003884,101.61501922305963,1093.7653901836088,439.1366126307686,
2,2,0.25,0.25,4.0,16.0,250.0,0.49,0.38,0.13,29,3,8,969.1007596846822,773.5661830838637,195.53457660081853,1.872221462974786,100.22818251870657,1071.2011636663635,429.7589906021466,
2,2,0.25,0.25,4.0,16.0,250.0,0.49,0.38,0.13,29,4,8,924.0268385191869,737.5425196293786,186.48431888980815,1.7896577743300317,97.49742215847262,1023.3139184519896,409.7458442385436,
2,2,0.25,0.25,4.0,16.0,250.0,0.49,0.38,0.13,30,1,9,1135.7768129724104,906.9151501510348,228.8616628213758,2.1633194363176407,106.09213370948814,1244.032266118216,503.84175008390827,
2,2,0.25,0.25,4.0,16.0,250.0,0.49,0.38,0.13,30,2,9,1184.3696068262777,945.7511432262869,238.61846359999117,2.252328697252665,108.9026981786554,1295.5246337021856,525.4173017923816,
2,2,0.25,0.25,4.0,16.0,250.0,0.49,0.38,0.13,30,3,9,1161.467963874364,927.459946435609,234.00801743875485,2.2091452273790937,107.44962808635721,1271.1267371881004,515.2555257975606,
2,2,0.25,0.25,4.0,16.0,250.0,0.49,0.38,0.13,30,4,9,1106.7094502451698,883.688609010165,223.02084123500475,2.1096193472665385,104.35530909555482,1213.174378687991,490.9381161167583,
2,2,0.25,0.25,4.0,16.0,250.0,0.49,0.38,0.13,31,1,9,1352.8147372365634,1080.5454895623573,272.2692476742064,2.543453018700379,113.4312645092541,1468.7894547645178,600.303049756865,
2,2,0.25,0.25,4.0,16.0,250.0,0.49,0.38,0.13,31,2,9,1410.214871860315,1126.4273552535165,283.7875166067986,2.647887998479115,116.53964893835438,1529.4024087971484,625.7929751408425,
2,2,0.25,0.25,4.0,16.0,250.0,0.49,0.38,0.13,31,3,9,1384.7020806108694,1106.0472398248132,278.6548407860559,2.6001312027232655,114.99828294588968,1502.3004947594825,614.4706887915631,
2,2,0.25,0.25,4.0,16.0,250.0,0.49,0.38,0.13,31,4,9,1318.6982109369135,1053.2796175635601,265.41859337335353,2.4809095137194404,111.52370258287661,1432.7028230335097,585.1553430908666,
2,2,0.25,0.25,4.0,16.0,250.0,0.49,0.38,0.13,32,1,9,1604.122494273457,1281.5916951918723,322.53079908158514,2.9836088960056597,120.74895586184273,1727.8550590313055,711.9953862177067,
2,2,0.25,0.25,4.0,16.0,250.0,0.49,0.38,0.13,32,2,9,1671.2128206619275,1335.2257142948067,335.98710636712116,3.105015874212722,124.13950361657086,1798.4573401527111,741.7920634971147,
2,2,0.25,0.25,4.0,16.0,250.0,0.49,0.38,0.13,32,3,9,1641.124109983225,1311.1848633226978,329.93924666052703,3.049244531454381,122.46489396130629,1766.6382484759856,728.4360351792765,
2,2,0.25,0.25,4.0,16.0,250.0,0.49,0.38,0.13,32,4,9,1562.806198787448,1248.566007843988,314.2401909434605,2.9084552720217003,118.63174784520182,1684.3464019046714,693.6477821355487,
2,2,0.25,0.25,4.0,16.0,250.0,0.49,0.38,0.13,33,1,10,1882.290174273457,1504.125839191872,378.1643350815851,3.4708088960056593,127.33331800176043,2013.0943011712232,835.6254662177067,
2,2,0.25,0.25,4.0,16.0,250.0,0.49,0.38,0.13,33,2,10,1949.3805006619275,1557.7598582948067,391.62064236712115,3.5922158742127226,130.72386575648855,2083.696582292629,865.4221434971147,
2,2,0.25,0.25,4.0,16.0,250.0,0.49,0.38,0.13,33,3,10,1919.291789983225,1533.7190073226977,385.572782660527,3.5364445314543804,129.049256101224,2051.8774906159033,852.0661151792765,
2,2,0.25,0.25,4.0,16.0,250.0,0.49,0.38,0.13,33,4,10,1840.973878787448,1471.100151843988,369.8737269434605,3.3956552720217004,125.21610998511952,1969.5856440445893,817.2778621355488,
2,2,0.25,0.25,4.0,16.0,250.0,0.49,0.38,0.13,34,1,10,2156.111484273457,1723.1828871918722,432.9285970815851,3.9503963960056594,132.425910594353,2292.4877912638153,957.3238262177067,
2,2,0.25,0.25,4.0,16.0,250.0,0.49,0.38,0.13,34,2,10,2223.2018106619275,1776.8169062948064,446.38490436712107,4.071803374212721,135.81645834908113,2363.0900723852214,987.1205034971149,
2,2,0.25,0.25,4.0,16.0,250.0,0.49,0.38,0.13,34,3,10,2193.1130999832244,1752.7760553226979,440.33704466052706,4.01603203145438,134.14184869381657,2331.2709807084952,973.7644751792765,
2,2,0.25,0.25,4.0,16.0,250.0,0.49,0.38,0.13,34,4,10,2114.795188787448,1690.1571998439879,424.63798894346047,3.8752427720217004,130.3087025777121,2248.979134137182,938.9762221355487,
2,2,0.25,0.25,4.0,16.0,250.0,0.49,0.38,0.13,35,1,10,2429.9327942734567,1942.239935191872,487.6928590815851,4.42998389600566,135.9238529811843,2570.2866311506464,1079.0221862177068,
2,2,0.25,0.25,4.0,16.0,250.0,0.49,0.38,0.13,35,2,10,2497.023120661928,1995.8739542948065,501.1491663671211,4.551390874212722,139.31440073591241,2640.888912272053,1108.8188634971148,
2,2,0.25,0.25,4.0,16.0,250.0,0.49,0.38,0.13,35,3,10,2466.934409983224,1971.8331033226978,495.10130666052703,4.4956195314543805,137.63979108064785,2609.0698205953263,1095.4628351792765,
2,2,0.25,0.25,4.0,16.0,250.0,0.49,0.38,0.13,35,4,10,2388.6164987874477,1909.2142478439876,479.4022509434604,4.354830272021699,133.80664496454338,2526.777974024013,1060.6745821355487,
2,2,0.25,0.25,4.0,16.0,250.0,0.49,0.38,0.13,36,1,11,2708.100474273457,2164.7740791918723,543.3263950815851,4.9171838960056595,137.72426450381803,2850.741922673281,1202.6522662177067,
2,2,0.25,0.25,4.0,16.0,250.0,0.49,0.38,0.13,36,2,11,2775.1908006619274,2218.4080982948058,556.7827023671209,5.038590874212722,141.11481225854615,2921.344203794686,1232.448943497115,
2,2,0.25,0.25,4.0,16.0,250.0,0.49,0.38,0.13,36,3,11,2745.1020899832242,2194.367247322698,550.734842660527,4.98281953145438,139.4402026032816,2889.5251121179604,1219.0929151792766,
2,2,0.25,0.25,4.0,16.0,250.0,0.49,0.38,0.13,36,4,11,2666.7841787874477,2131.7483918439875,535.0357869434604,4.8420302720217,135.60705648717712,2807.233265546646,1184.3046621355486,
2,2,0.16,0.16,4.0,39.06,100.0,0.49,0.38,0.13,0,1,0,0.0,0.0,0.0,0.0,0.0,0.0,0.0,
2,2,0.16,0.16,4.0,39.06,100.0,0.49,0.38,0.13,0,2,0,0.0,0.0,0.0,0.0,0.0,0.0,0.0,
2,2,0.16,0.16,4.0,39.06,100.0,0.49,0.38,0.13,0,3,0,0.0,0.0,0.0,0.0,0.0,0.0,0.0,
2,2,0.16,0.16,4.0,39.06,100.0,0.49,0.38,0.13,0,4,0,0.0,0.0,0.0,0.0,0.0,0.0,0.0,
2,2,0.16,0.16,4.0,39.06,100.0,0.49,0.38,0.13,1,1,0,0.0,0.0,0.0,0.0,0.0,0.0,0.0,
2,2,0.16,0.16,4.0,39.06,100.0,0.49,0.38,0.13,1,2,0,0.0,0.0,0.0,0.0,0.0,0.0,0.0,
2,2,0.16,0.16,4.0,39.06,100.0,0.49,0.38,0.13,1,3,0,0.0,0.0,0.0,0.0,0.0,0.0,0.0,
2,2,0.16,0.16,4.0,39.06,100.0,0.49,0.38,0.13,1,4,0,0.0,0.0,0.0,0.0,0.0,0.0,0.0,
2,2,0.16,0.16,4.0,39.06,100.0,0.49,0.38,0.13,2,1,0,0.0,0.0,0.0,0.0,1.8004115226337445,1.8004115226337445,0.0,
2,2,0.16,0.16,4.0,39.06,100.0,0.49,0.38,0.13,2,2,0,0.0,0.0,0.0,0.0,1.8004115226337445,1.8004115226337445,0.0,
2,2,0.16,0.16,4.0,39.06,100.0,0.49,0.38,0.13,2,3,0,0.0,0.0,0.0,0.0,1.8004115226337445,1.8004115226337445,0.0,
2,2,0.16,0.16,4.0,39.06,100.0,0.49,0.38,0.13,2,4,0,0.0,0.0,0.0,0.0,1.8004115226337445,1.8004115226337445,0.0,
2,2,0.16,0.16,4.0,39.06,100.0,0.49,0.38,0.13,3,1,0,0.0,0.0,0.0,0.0,5.298353909465019,5.298353909465019,0.0,
2,2,0.16,0.16,4.0,39.06,100.0,0.49,0.38,0.13,3,2,0,0.0,0.0,0.0,0.0,5.298353909465019,5.298353909465019,0.0,
2,2,0.16,0.16,4.0,39.06,100.0,0.49,0.38,0.13,3,3,0,0.0,0.0,0.0,0.0,5.298353909465019,5.298353909465019,0.0,
2,2,0.16,0.16,4.0,39.06,100.0,0.49,0.38,0.13,3,4,0,0.0,0.0,0.0,0.0,5.298353909465019,5.298353909465019,0.0,
2,2,0.16,0.16,4.0,39.06,100.0,0.49,0.38,0.13,4,1,0,0.0,0.0,0.0,0.0,10.39094650205761,10.39094650205761,0.0,
2,2,0.16,0.16,4.0,39.06,100.0,0.49,0.38,0.13,4,2,0,0.0,0.0,0.0,0.0,10.39094650205761,10.39094650205761,0.0,
2,2,0.16,0.16,4.0,39.06,100.0,0.49,0.38,0.13,4,3,0,0.0,0.0,0.0,0.0,10.39094650205761,10.39094650205761,0.0,
2,2,0.16,0.16,4.0,39.06,100.0,0.49,0.38,0.13,4,4,0,0.0,0.0,0.0,0.0,10.39094650205761,10.39094650205761,0.0,
2,2,0.16,0.16,4.0,39.06,100.0,0.49,0.38,0.13,5,1,0,0.0,0.0,0.0,0.0,16.44309156378601,16.44309156378601,0.0,
2,2,0.16,0.16,4.0,39.06,100.0,0.49,0.38,0.13,5,2,0,0.0,0.0,0.0,0.0,16.44309156378601,16.44309156378601,0.0,
2,2,0.16,0.16,4.0,39.06,100.0,0.49,0.38,0.13,5,3,0,0.0,0.0,0.0,0.0,16.44309156378601,16.44309156378601,0.0,
2,2,0.16,0.16,4.0,39.06,100.0,0.49,0.38,0.13,5,4,0,0.0,0.0,0.0,0.0,16.44309156378601,16.44309156378601,0.0,
2,2,0.16,0.16,4.0,39.06,100.0,0.49,0.38,0.13,6,1,1,0.24178688229750284,0.09671475291900114,0.1450721293785017,0.0102888035020214,22.19994862397414,22.452024309773666,0.05373041828833396,
2,2,0.16,0.16,4.0,39.06,100.0,0.49,0.38,0.13,6,2,1,0.24178688229750284,0.09671475291900114,0.1450721293785017,0.0102888035020214,22.19994862397414,22.452024309773666,0.05373041828833396,
2,2,0.16,0.16,4.0,39.06,100.0,0.49,0.38,0.13,6,3,1,0.24178688229750284,0.09671475291900114,0.1450721293785017,0.0102888035020214,22.19994862397414,22.452024309773666,0.05373041828833396,
2,2,0.16,0.16,4.0,39.06,100.0,0.49,0.38,0.13,6,4,1,0.24178688229750284,0.09671475291900114,0.1450721293785017,0.0102888035020214,22.19994862397414,22.452024309773666,0.05373041828833396,
2,2,0.16,0.16,4.0,39.06,100.0,0.49,0.38,0.13,7,1,1,0.6262947070721008,0.25051788282884035,0.3757768242432605,0.0266508385988128,27.811071771021943,28.464017316692857,0.13917660157157796,
2,2,0.16,0.16,4.0,39.06,100.0,0.49,0.38,0.13,7,2,1,0.6245393850190858,0.24981575400763434,0.37472363101145145,0.026576144043365352,27.785456354201834,28.436571883264286,0.13878653000424132,
2,2,0.16,0.16,4.0,39.06,100.0,0.49,0.38,0.13,7,3,1,0.6250741887972816,0.25002967551891264,0.37504451327836896,0.026598901650948154,27.793260746377005,28.444933836825236,0.13890537528828484,
2,2,0.16,0.16,4.0,39.06,100.0,0.49,0.38,0.13,7,4,1,0.6248400999108448,0.2499360399643379,0.3749040599465068,0.026588940421738073,27.789844686977112,28.441273727309696,0.13885335553574327,
2,2,0.16,0.16,4.0,39.06,100.0,0.49,0.38,0.13,8,1,1,1.0999007418623374,0.4399602967449351,0.6599404451174025,0.04680428688775905,33.31303524859811,34.45974027734821,0.24442238708051947,
2,2,0.16,0.16,4.0,39.06,100.0,0.49,0.38,0.13,8,2,1,1.0965880373034314,0.4386352149213726,0.6579528223820588,0.04666332073631624,33.269327448998666,34.412578807038415,0.24368623051187366,
2,2,0.16,0.16,4.0,39.06,100.0,0.49,0.38,0.13,8,3,1,1.097345632135058,0.4389382528540232,0.6584073792810348,0.0466955588142578,33.279720043496155,34.42376123444547,0.2438545849189018,
2,2,0.16,0.16,4.0,39.06,100.0,0.49,0.38,0.13,8,4,1,1.09670518449433,0.43868207379773205,0.6580231106965979,0.04666830572316298,33.27158324394375,34.414956734161244,0.24371226322096223,
2,2,0.16,0.16,4.0,39.06,100.0,0.49,0.38,0.13,9,1,2,4.253203312467919,2.852525896928827,1.4006774155390922,0.06355544974400489,36.12414050099871,40.44089926321064,1.584736609404904,
2,2,0.16,0.16,4.0,39.06,100.0,0.49,0.38,0.13,9,2,2,4.230348319212417,2.8362491723743175,1.3940991468380988,0.06331066987560639,36.063011147593734,40.35667013668176,1.5756939846523985,
2,2,0.16,0.16,4.0,39.06,100.0,0.49,0.38,0.13,9,3,2,4.244071385964505,2.8464719851604956,1.3975994008040094,0.06341178391035347,36.08496219720276,40.39244536707762,1.5813733250891644,
2,2,0.16,0.16,4.0,39.06,100.0,0.49,0.38,0.13,9,4,2,4.24345509176682,2.8462342857028182,1.3972208060640021,0.06338465912862602,36.0768469299547,40.38368668085015,1.5812412698348988,
2,2,0.16,0.16,4.0,39.06,100.0,0.49,0.38,0.13,10,1,2,8.291557262457605,5.993016340071634,2.298540922385971,0.07982851865632459,38.25635602934249,46.62774181045642,3.3294535222620185,
2,2,0.16,0.16,4.0,39.06,100.0,0.49,0.38,0.13,10,2,2,8.272466053870936,5.979666582773808,2.2927994710971276,0.07959890544445139,38.19721392128936,46.549278880604746,3.322036990429894,
2,2,0.16,0.16,4.0,39.06,100.0,0.49,0.38,0.13,10,3,2,8.271437939113115,5.978417903677245,2.293020035435868,0.07964057768776028,38.21137647621309,46.562454993013965,3.321343279820692,
2,2,0.16,0.16,4.0,39.06,100.0,0.49,0.38,0.13,10,4,2,8.285908685205316,5.98991288204634,2.295995803158976,0.07967424808381088,38.21122703414558,46.576809967434706,3.327729378914633,
2,2,0.16,0.16,4.0,39.06,100.0,0.49,0.38,0.13,11,1,2,12.9659356283132,9.649006968788168,3.3169286595250345,0.09653410440067206,40.1424264391544,53.20489617186827,5.360559427104537,
2,2,0.16,0.16,4.0,39.06,100.0,0.49,0.38,0.13,11,2,2,12.888133759270382,9.589737603013342,3.2983961562570396,0.09609466735863531,40.05959509784712,53.04382352447614,5.327632001674078,
2,2,0.16,0.16,4.0,39.06,100.0,0.49,0.38,0.13,11,3,2,12.957472665157033,9.643525368960699,3.313947296196334,0.09638782166114959,40.10215012447011,53.15601061128829,5.357514093867054,
2,2,0.16,0.16,4.0,39.06,100.0,0.49,0.38,0.13,11,4,2,12.882136512364854,9.584779310978579,3.297357201386274,0.09610053454535093,40.06576439142965,53.044001438339855,5.3248773949881,
2,2,0.16,0.16,4.0,39.06,100.0,0.49,0.38,0.13,12,1,3,18.4498958833707,13.96996753084736,4.479928352523346,0.11289251582680306,41.60229597021656,60.16508436941406,7.761093072692977,
2,2,0.16,0.16,4.0,39.06,100.0,0.49,0.38,0.13,12,2,3,18.246369673070376,13.81163655722015,4.434733115850227,0.11207804862318319,41.48599590802542,59.84444362971898,7.673131420677861,
2,2,0.16,0.16,4.0,39.06,100.0,0.49,0.38,0.13,12,3,3,18.49678014315102,14.008095504467745,4.488684638683274,0.11291133141075108,41.57675348302844,60.18644495759021,7.782275280259858,
2,2,0.16,0.16,4.0,39.06,100.0,0.49,0.38,0.13,12,4,3,18.27291578763759,13.832320059607742,4.440595728029847,0.11218099122098871,41.50082847771551,59.88592525657408,7.684622255337634,
2,2,0.16,0.16,4.0,39.06,100.0,0.49,0.38,0.13,13,1,3,24.55224360531214,18.793356926542746,5.758886678769395,0.12954665201735263,42.88258626567584,67.56437652300534,10.4407538480793,
2,2,0.16,0.16,4.0,39.06,100.0,0.49,0.38,0.13,13,2,3,24.233613615508872,18.54404615714567,5.689567458363202,0.12841805095784048,42.74213709586529,67.104168762332,10.302247865080929,
2,2,0.16,0.16,4.0,39.06,100.0,0.49,0.38,0.13,13,3,3,24.582573754146456,18.81840027653459,5.764173477611867,0.12952028918296554,42.853570677877954,67.56566472120738,10.454666820296993,
2,2,0.16,0.16,4.0,39.06,100.0,0.49,0.38,0.13,13,4,3,24.355854027257763,18.640367902269745,5.715486124988018,0.1287821562966993,42.77704660734811,67.26168279090257,10.355759945705413,
2,2,0.16,0.16,4.0,39.06,100.0,0.49,0.38,0.13,14,1,3,31.241023901658235,24.08982280989648,7.1512010917617586,0.14682698165403524,44.08488356986358,75.47273445317585,13.38323489438693,
2,2,0.16,0.16,4.0,39.06,100.0,0.49,0.38,0.13,14,2,3,30.912316278734238,23.832532134201976,7.07978414453226,0.14567234523163655,43.94262296200351,75.00061158596938,13.24029563011221,
2,2,0.16,0.16,4.0,39.06,100.0,0.49,0.38,0.13,14,3,3,31.313293926181256,24.14807596958392,7.1652179565973375,0.14690896964666192,44.063406606036644,75.52360950186457,13.415597760879955,
2,2,0.16,0.16,4.0,39.06,100.0,0.49,0.38,0.13,14,4,3,31.063125980953668,23.95147628065855,7.11164970029512,0.14611025875897582,43.98266775666106,75.1919039963737,13.30637571147697,
2,2,0.16,0.16,4.0,39.06,100.0,0.49,0.38,0.13,15,1,4,38.7994775008608,30.088055006001124,8.711422494859686,0.16501566219827607,45.175524380890266,84.14001754394934,16.715586114445067,
2,2,0.16,0.16,4.0,39.06,100.0,0.49,0.38,0.13,15,2,4,38.2031456135761,29.618383258189358,8.58476235538674,0.16321701411575976,44.994647151137656,83.36100977882951,16.454657365660754,
2,2,0.16,0.16,4.0,39.06,100.0,0.49,0.38,0.13,15,3,4,38.7491766970085,30.0490384954558,8.700138201552704,0.164802695460798,45.136361160752706,84.05034055322201,16.693910275253224,
2,2,0.16,0.16,4.0,39.06,100.0,0.49,0.38,0.13,15,4,4,38.333977335172726,29.721473293085662,8.612504042087062,0.16360685258347235,45.031809239603625,83.52939342735982,16.51192960726981,
2,2,0.16,0.16,4.0,39.06,100.0,0.49,0.38,0.13,16,1,4,47.029248220998284,36.62777988489331,10.401468336104978,0.18392733310358866,46.19916331994121,93.41233887404309,20.348766602718502,
2,2,0.16,0.16,4.0,39.06,100.0,0.49,0.38,0.13,16,2,4,46.21350509303549,35.98375465893906,10.229750434096422,0.18162448711353196,45.9909951853431,92.38612476549213,19.990974810521703,
2,2,0.16,0.16,4.0,39.06,100.0,0.49,0.38,0.13,16,3,4,46.851685003451486,36.48763526260736,10.364049740844123,0.18342192263125456,46.144170890635465,93.17927781671821,20.27090847922631,
2,2,0.16,0.16,4.0,39.06,100.0,0.49,0.38,0.13,16,4,4,46.36869740189725,36.106202649727436,10.262494752169815,0.18207030519782014,46.031187303022605,92.58195501011767,20.059001472070797,
2,2,0.16,0.16,4.0,39.06,100.0,0.49,0.38,0.13,17,1,4,55.89603590327296,43.6803824336588,12.215653469614168,0.20362176240070323,47.19215860772134,103.291816273395,24.266879129810444,
2,2,0.16,0.16,4.0,39.06,100.0,0.49,0.38,0.13,17,2,4,54.88821518846351,42.88357956972598,12.004635618737531,0.20089228406201431,46.96247962325725,102.05158709578278,23.82421087206999,
2,2,0.16,0.16,4.0,39.06,100.0,0.49,0.38,0.13,17,3,4,55.81258058494806,43.61509080590639,12.197489779041677,0.2033253793049049,47.14770536169355,103.16361132594652,24.230606003281327,
2,2,0.16,0.16,4.0,39.06,100.0,0.49,0.38,0.13,17,4,4,55.19384658110705,43.1256861227504,12.068160458356651,0.20167224930367564,47.019519477303774,102.4150383077145,23.958714512639112,
2,2,0.16,0.16,4.0,39.06,100.0,0.49,0.38,0.13,18,1,5,65.49184023110013,51.32117850165544,14.170661729444696,0.2240850341094318,48.120554787788876,113.83648005299844,28.51176583425302,
2,2,0.16,0.16,4.0,39.06,100.0,0.49,0.38,0.13,18,2,5,64.37003854350428,50.4336166623476,13.93642188115668,0.22111248874518996,47.879848119128646,112.47099915137812,28.018675923526448,
2,2,0.16,0.16,4.0,39.06,100.0,0.49,0.38,0.13,18,3,5,65.70864059624505,51.494969744631945,14.213670851613115,0.22442895311057343,48.1051513452016,114.03822089455721,28.608316524795526,
2,2,0.16,0.16,4.0,39.06,100.0,0.49,0.38,0.13,18,4,5,64.71605997892533,50.70788436304629,14.008175615879042,0.2219785866747893,47.94079571870085,112.87883428430098,28.17104686835905,
2,2,0.16,0.16,4.0,39.06,100.0,0.49,0.38,0.13,19,1,5,76.18997899697642,59.846602653130816,16.343376343845605,0.24619741590879343,49.0517396697446,125.48791608262982,33.248112585072676,
2,2,0.16,0.16,4.0,39.06,100.0,0.49,0.38,0.13,19,2,5,74.75120468582274,58.70644303776347,16.04476164805927,0.24256970801343797,48.783443144427025,123.7772175382632,32.61469057653527,
2,2,0.16,0.16,4.0,39.06,100.0,0.49,0.38,0.13,19,3,5,76.57522630684235,60.15463048456393,16.42059582227841,0.24688950417901273,49.050998146559245,125.87311395758061,33.419239158091074,
2,2,0.16,0.16,4.0,39.06,100.0,0.49,0.38,0.13,19,4,5,74.99434731649825,58.89872587494084,16.09562144155742,0.24322316190659504,48.83543599123809,124.07300646964293,32.72151437496713,
2,2,0.16,0.16,4.0,39.06,100.0,0.49,0.38,0.13,20,1,5,87.8631886051387,69.15524043721288,18.707948167925824,0.2696955733624638,49.99224482989091,138.1251290083921,38.41957802067381,
2,2,0.16,0.16,4.0,39.06,100.0,0.49,0.38,0.13,20,2,5,85.953238075865,67.63934793481795,18.313890141047057,0.26511938828444326,49.68598585214121,135.90434331629066,37.57741551934331,
2,2,0.16,0.16,4.0,39.06,100.0,0.49,0.38,0.13,20,3,5,87.92095715371651,69.20212490935265,18.71883224436387,0.26972844726458844,49.96511849265969,138.1558040936408,38.44562494964036,
2,2,0.16,0.16,4.0,39.06,100.0,0.49,0.38,0.13,20,4,5,86.31271349991317,67.92439873147401,18.38831476843914,0.2660070199562452,49.747351578917076,136.32607209878648,37.73577707304113,
2,2,0.16,0.16,4.0,39.06,100.0,0.49,0.38,0.13,21,1,6,100.61846136459089,79.33419004941646,21.28427131517443,0.29461344935353934,50.91410643563779,151.82718124958222,44.07455002745358,
2,2,0.16,0.16,4.0,39.06,100.0,0.49,0.38,0.13,21,2,6,98.25895820187691,77.45954601813472,20.799412183742213,0.2891590473229863,50.57535694824973,149.1234741974496,43.03308112118595,
2,2,0.16,0.16,4.0,39.06,100.0,0.49,0.38,0.13,21,3,6,100.44294782740363,79.1949109920721,21.248036835331533,0.2941905984590518,50.87012010628951,151.6072585321522,43.997172773373386,
2,2,0.16,0.16,4.0,39.06,100.0,0.49,0.38,0.13,21,4,6,98.62965587374097,77.75355238141861,20.876103492322343,0.29006860205238894,50.63753374034632,149.55725821613967,43.196417989677016,
2,2,0.16,0.16,4.0,39.06,100.0,0.49,0.38,0.13,22,1,6,114.2170220433922,90.19292221083761,24.02409983255462,0.3204827636394859,51.820683788884544,166.35818859591623,50.10717900602088,
2,2,0.16,0.16,4.0,39.06,100.0,0.49,0.38,0.13,22,2,6,111.6634418895103,88.1633036851542,23.50013820435609,0.3146591579263681,51.46899574063442,163.4470967880711,48.979613158419006,
2,2,0.16,0.16,4.0,39.06,100.0,0.49,0.38,0.13,22,3,6,114.19991877003365,90.18013702789402,24.01978174213962,0.32036126558651595,51.787258221156634,166.3075382567768,50.10007612660779,
2,2,0.16,0.16,4.0,39.06,100.0,0.49,0.38,0.13,22,4,6,111.88538801280575,88.33852885808604,23.54685915471971,0.3152857341368426,51.521255690178485,163.72192943712108,49.07696047671447,
2,2,0.16,0.16,4.0,39.06,100.0,0.49,0.38,0.13,23,1,6,129.04891105319345,102.04350169361342,27.005409359580018,0.34798334770230854,52.752805927454084,182.14970032834984,56.69083427422968,
2,2,0.16,0.16,4.0,39.06,100.0,0.49,0.38,0.13,23,2,6,125.96108545194748,99.5870246515863,26.37406080036119,0.3411691694582268,52.36754278916729,178.66979741057298,55.32612480643684,
2,2,0.16,0.16,4.0,39.06,100.0,0.49,0.38,0.13,23,3,6,129.1898740208855,102.15701037329761,27.032863647587885,0.34815492856508784,52.72931416131722,182.2673431107678,56.753894651832006,
2,2,0.16,0.16,4.0,39.06,100.0,0.49,0.38,0.13,23,4,6,126.11204024880512,99.70552823254943,26.40651201625569,0.34166411692342513,52.4153412310116,178.86904559674014,55.39196012919413,
2,2,0.16,0.16,4.0,39.06,100.0,0.49,0.38,0.13,24,1,7,145.0392184645144,114.8277166538112,30.21150181070321,0.3768089500934742,53.674952914629564,199.09098032923742,63.79317591878397,
2,2,0.16,0.16,4.0,39.06,100.0,0.49,0.38,0.13,24,2,7,141.35710365284768,111.89610671914397,29.46099693370371,0.36892345132726045,53.25541763942861,194.98144474360353,62.164503732857774,
2,2,0.16,0.16,4.0,39.06,100.0,0.49,0.38,0.13,24,3,7,145.3854324764828,115.10532308367222,30.280109392810584,0.3773505354121086,53.6632977959833,199.42608080787824,63.94740171315124,
2,2,0.16,0.16,4.0,39.06,100.0,0.49,0.38,0.13,24,4,7,141.59044769676512,112.08048031859566,29.509967378169463,0.36956692124521484,53.30796739680411,195.26798201481446,62.26693351033094,
2,2,0.16,0.16,4.0,39.06,100.0,0.49,0.38,0.13,25,1,7,162.1084291046748,128.48308516593954,33.6253439387353,0.4067050164656931,54.59846465543981,217.1135987765803,71.37949175885528,
2,2,0.16,0.16,4.0,39.06,100.0,0.49,0.38,0.13,25,2,7,158.15517592128992,125.33456453389779,32.82061138739216,0.3983446292627598,54.164259722986124,212.7177802735388,69.63031362994322,
2,2,0.16,0.16,4.0,39.06,100.0,0.49,0.38,0.13,25,3,7,163.07628301662746,129.25800351578798,33.81827950083952,0.40833538017609594,54.62044271165407,218.10506110845762,71.81000195321553,
2,2,0.16,0.16,4.0,39.06,100.0,0.49,0.38,0.13,25,4,7,158.4996287886439,125.60782519209867,32.891803596545216,0.39918270201443773,54.222820906731265,213.1216323973896,69.7821251067215,
2,2,0.16,0.16,4.0,39.06,100.0,0.49,0.38,0.13,26,1,7,180.83060516751746,143.46082601621367,37.36977915130383,0.439496188243151,55.56568520374848,236.83578655950907,79.70045889789647,
2,2,0.16,0.16,4.0,39.06,100.0,0.49,0.38,0.13,26,2,7,176.38651076942472,139.9196324124056,36.46687835701911,0.43027611151839523,55.106122550737695,231.9229094316808,77.73312911800312,
2,2,0.16,0.16,4.0,39.06,100.0,0.49,0.38,0.13,26,3,7,182.03972087625726,144.42875380349182,37.61096707276548,0.44154911271760333,55.60012726877192,238.0813972577468,80.23819655749544,
2,2,0.16,0.16,4.0,39.06,100.0,0.49,0.38,0.13,26,4,7,176.96268617711002,140.37827110287157,36.58441507423844,0.43152003739308675,55.17665492852366,232.57086114302678,77.98792839048423,
2,2,0.16,0.16,4.0,39.06,100.0,0.49,0.38,0.13,27,1,8,201.01180618119915,159.605786827159,41.40601935404016,0.4748427861436178,56.53601066457035,258.02265963191314,88.66988157064387,
2,2,0.16,0.16,4.0,39.06,100.0,0.49,0.38,0.13,27,2,8,196.19637734455318,155.76752567250836,40.4288516720448,0.46497233142216904,56.058594006737756,252.7199436827131,86.53751426250464,
2,2,0.16,0.16,4.0,39.06,100.0,0.49,0.38,0.13,27,3,8,202.3085076777158,160.64378324465864,41.66472443305719,0.47704911375895587,56.574663912061496,259.36022070353624,89.24654624703258,
2,2,0.16,0.16,4.0,39.06,100.0,0.49,0.38,0.13,27,4,8,196.82013482795804,156.26423002354997,40.555904804408044,0.4662995954736413,56.131414162120215,253.4178485855519,86.81346112419445,
2,2,0.16,0.16,4.0,39.06,100.0,0.49,0.38,0.13,28,1,8,222.9302959667855,177.1405786556281,45.78971731115744,0.5132321785544748,57.53659430183302,280.980122447173,98.41143258646002,
2,2,0.16,0.16,4.0,39.06,100.0,0.49,0.38,0.13,28,2,8,217.5829966445829,172.87682111253216,44.70617553205075,0.5024301731202933,57.034897645232405,275.1203244629356,96.04267839585118,
2,2,0.16,0.16,4.0,39.06,100.0,0.49,0.38,0.13,28,3,8,224.3453998943942,178.2732970180014,46.072102876392876,0.5156458834770112,57.58065264503659,282.4416984229078,99.04072056555631,
2,2,0.16,0.16,4.0,39.06,100.0,0.49,0.38,0.13,28,4,8,217.76176421417438,173.0175335325231,44.744230681651324,0.5029780544411411,57.0874039180954,275.3521461867109,96.12085196251283,
2,2,0.16,0.16,4.0,39.06,100.0,0.49,0.38,0.13,29,1,8,246.1410669935248,195.7091954770195,50.43187151650529,0.5538849518897069,58.51332329884509,305.2082752442596,108.72733082056637,
2,2,0.16,0.16,4.0,39.06,100.0,0.49,0.38,0.13,29,2,8,240.82355963027382,191.4692715010849,49.35428812918894,0.5431351259265598,58.012880313229914,299.3795750694303,106.37181750060272,
2,2,0.16,0.16,4.0,39.06,100.0,0.49,0.38,0.13,29,3,8,247.9488980580412,197.15609554891898,50.792802509122275,0.5569865032978647,58.57390793417783,307.0797924955169,109.53116419384389,
2,2,0.16,0.16,4.0,39.06,100.0,0.49,0.38,0.13,29,4,8,240.15563139102827,190.9326272740062,49.2230041170221,0.542200052081425,58.02975690592472,298.7275883490344,106.07368181889234,
2,2,0.16,0.16,4.0,39.06,100.0,0.49,0.38,0.13,30,1,9,271.4368879703372,215.9458522584694,55.49103571186776,0.5981896100725086,59.46292588335301,331.4980034637627,119.96991792137186,
2,2,0.16,0.16,4.0,39.06,100.0,0.49,0.38,0.13,30,2,9,265.66187826183665,211.33992640633514,54.321951855501496,0.5866384863359984,58.9453083055447,325.1938250537173,117.41107022574174,
2,2,0.16,0.16,4.0,39.06,100.0,0.49,0.38,0.13,30,3,9,273.407112647908,217.52266722081234,55.88444542709561,0.6015755876522478,59.52960675864592,333.5382949942061,120.84592623378465,
2,2,0.16,0.16,4.0,39.06,100.0,0.49,0.38,0.13,30,4,9,264.43796527418704,210.3584943805332,54.07947089365385,0.584729626573598,58.941313286501135,323.9640081872618,116.86583021140734,
2,2,0.16,0.16,4.0,39.06,100.0,0.49,0.38,0.13,31,1,9,298.57595430541426,237.65710532653102,60.91884897888317,0.6457226416542132,60.38063258503636,359.60230953210487,132.0317251814061,
2,2,0.16,0.16,4.0,39.06,100.0,0.49,0.38,0.13,31,2,9,291.8764381799442,232.31157434082118,59.56486383912301,0.6325522804622679,59.83175285089124,352.34074331129773,129.06198574490065,
2,2,0.16,0.16,4.0,39.06,100.0,0.49,0.38,0.13,31,3,9,300.70924940482416,239.36437662634535,61.344872778478866,0.649394230810107,60.452827681677945,361.8114713173122,132.9802092368585,
2,2,0.16,0.16,4.0,39.06,100.0,0.49,0.38,0.13,31,4,9,290.21873808472697,230.98311262896513,59.235625455761834,0.6298836592537966,59.81308933401493,350.6617110779957,128.32395146053616,
2,2,0.16,0.16,4.0,39.06,100.0,0.49,0.38,0.13,32,1,9,327.17899964140537,260.53954159532395,66.6394580460814,0.6958197761872218,61.21350881607985,389.0883282336725,144.74418977517993,
2,2,0.16,0.16,4.0,39.06,100.0,0.49,0.38,0.13,32,2,9,319.97894485224225,254.7935796786596,65.18536517358261,0.6817727407642827,60.650054173885216,381.3107717668918,141.55198871036646,
2,2,0.16,0.16,4.0,39.06,100.0,0.49,0.38,0.13,32,3,9,330.0035302273228,262.7998012843442,67.20372894297857,0.7007020377297367,61.305831615908396,392.01006388096096,145.99988960241345,
2,2,0.16,0.16,4.0,39.06,100.0,0.49,0.38,0.13,32,4,9,317.76481248195216,253.01997214674535,64.74484033520689,0.6781295498127866,60.61518821385471,379.0581302456197,140.5666511926363,
2,2,0.16,0.16,4.0,39.06,100.0,0.49,0.38,0.13,33,1,10,357.660767238244,284.92495567279485,72.73581156544913,0.749207420550434,61.9350268462205,420.3450015050149,158.29164204044156,
2,2,0.16,0.16,4.0,39.06,100.0,0.49,0.38,0.13,33,2,10,349.60042456356786,278.4907634477201,71.10966111584774,0.7336536239616329,61.35120877797004,411.68528696549953,154.71709080428897,
2,2,0.16,0.16,4.0,39.06,100.0,0.49,0.38,0.13,33,3,10,360.91905475591636,287.532220907219,73.38683384869728,0.7548493906872434,62.03761688025603,423.71152102685966,159.7401227262328,
2,2,0.16,0.16,4.0,39.06,100.0,0.49,0.38,0.13,33,4,10,347.2931780349528,276.6426645891458,70.650513445807,0.7298473471407216,61.31413876123975,409.33716414333327,153.69036921619212,
2,2,0.16,0.16,4.0,39.06,100.0,0.49,0.38,0.13,34,1,10,389.87537867644,310.6966448233516,79.17873385308832,0.8056300742990257,62.53416170385231,453.2151704545913,172.60924712408422,
2,2,0.16,0.16,4.0,39.06,100.0,0.49,0.38,0.13,34,2,10,381.2109591669053,303.77919113039,77.43176803651522,0.7890182603519785,61.93910887372536,443.9390863009826,168.76621729466117,
2,2,0.16,0.16,4.0,39.06,100.0,0.49,0.38,0.13,34,3,10,393.6869152420837,313.7465092961529,79.94040594593075,0.8122410388789412,62.647041192728146,457.1461974736908,174.30361627564054,
2,2,0.16,0.16,4.0,39.06,100.0,0.49,0.38,0.13,34,4,10,378.4775376871619,301.5901523109131,76.88738537624882,0.7844655544844227,61.89411275584807,441.1561159974944,167.55008461717395,
2,2,0.16,0.16,4.0,39.06,100.0,0.49,0.38,0.13,35,1,10,423.5696238341538,337.6520409495227,85.91758288463109,0.8646442496368585,62.96459032290118,487.39885840669183,187.58446719417927,
2,2,0.16,0.16,4.0,39.06,100.0,0.49,0.38,0.13,35,2,10,414.8236389360234,330.66933494568457,84.15430399033886,0.8478895770466942,62.368495532124534,478.0400240451947,183.70518608093593,
2,2,0.16,0.16,4.0,39.06,100.0,0.49,0.38,0.13,35,3,10,428.2237511375606,341.3759780125344,86.84777312502612,0.872730979508551,63.088233524273946,492.18471564134313,189.6533211180747,
2,2,0.16,0.16,4.0,39.06,100.0,0.49,0.38,0.13,35,4,10,411.4080613457633,327.9345712377943,83.47349010796911,0.8421421009705947,62.314785180963455,474.56498862769735,182.1858729098857,
2,2,0.16,0.16,4.0,39.06,100.0,0.49,0.38,0.13,36,1,11,459.1638958542748,366.12745856561946,93.03643728865528,0.9269862489956731,63.19497056508023,523.2858526683507,203.40414364756634,
2,2,0.16,0.16,4.0,39.06,100.0,0.49,0.38,0.13,36,2,11,450.32744118641205,359.0723767459955,91.25506444041659,0.9100731220810755,62.59829021808125,513.8358045265744,199.4846537477753,
2,2,0.16,0.16,4.0,39.06,100.0,0.49,0.38,0.13,36,3,11,464.7079874345063,370.563367050091,94.14462038441528,0.9366317170919826,63.32437396813685,528.9689931197352,205.86853725005054,
2,2,0.16,0.16,4.0,39.06,100.0,0.49,0.38,0.13,36,4,11,446.1045405513338,355.69175460225057,90.41278594908319,0.9029116507218595,62.53935455205837,509.5468067541141,197.6065303345837,
2,2,0.16,0.16,4.0,39.06,150.0,0.49,0.38,0.13,0,1,0,0.0,0.0,0.0,0.0,0.0,0.0,0.0,
2,2,0.16,0.16,4.0,39.06,150.0,0.49,0.38,0.13,0,2,0,0.0,0.0,0.0,0.0,0.0,0.0,0.0,
2,2,0.16,0.16,4.0,39.06,150.0,0.49,0.38,0.13,0,3,0,0.0,0.0,0.0,0.0,0.0,0.0,0.0,
2,2,0.16,0.16,4.0,39.06,150.0,0.49,0.38,0.13,0,4,0,0.0,0.0,0.0,0.0,0.0,0.0,0.0,
2,2,0.16,0.16,4.0,39.06,150.0,0.49,0.38,0.13,1,1,0,0.0,0.0,0.0,0.0,0.0,0.0,0.0,
2,2,0.16,0.16,4.0,39.06,150.0,0.49,0.38,0.13,1,2,0,0.0,0.0,0.0,0.0,0.0,0.0,0.0,
2,2,0.16,0.16,4.0,39.06,150.0,0.49,0.38,0.13,1,3,0,0.0,0.0,0.0,0.0,0.0,0.0,0.0,
2,2,0.16,0.16,4.0,39.06,150.0,0.49,0.38,0.13,1,4,0,0.0,0.0,0.0,0.0,0.0,0.0,0.0,
2,2,0.16,0.16,4.0,39.06,150.0,0.49,0.38,0.13,2,1,0,0.0,0.0,0.0,0.0,1.8004115226337445,1.8004115226337445,0.0,
2,2,0.16,0.16,4.0,39.06,150.0,0.49,0.38,0.13,2,2,0,0.0,0.0,0.0,0.0,1.8004115226337445,1.8004115226337445,0.0,
2,2,0.16,0.16,4.0,39.06,150.0,0.49,0.38,0.13,2,3,0,0.0,0.0,0.0,0.0,1.8004115226337445,1.8004115226337445,0.0,
2,2,0.16,0.16,4.0,39.06,150.0,0.49,0.38,0.13,2,4,0,0.0,0.0,0.0,0.0,1.8004115226337445,1.8004115226337445,0.0,
2,2,0.16,0.16,4.0,39.06,150.0,0.49,0.38,0.13,3,1,0,0.0,0.0,0.0,0.0,5.298353909465019,5.298353909465019,0.0,
2,2,0.16,0.16,4.0,39.06,150.0,0.49,0.38,0.13,3,2,0,0.0,0.0,0.0,0.0,5.298353909465019,5.298353909465019,0.0,
2,2,0.16,0.16,4.0,39.06,150.0,0.49,0.38,0.13,3,3,0,0.0,0.0,0.0,0.0,5.298353909465019,5.298353909465019,0.0,
2,2,0.16,0.16,4.0,39.06,150.0,0.49,0.38,0.13,3,4,0,0.0,0.0,0.0,0.0,5.298353909465019,5.298353909465019,0.0,
2,2,0.16,0.16,4.0,39.06,150.0,0.49,0.38,0.13,4,1,0,0.0,0.0,0.0,0.0,10.39094650205761,10.39094650205761,0.0,
2,2,0.16,0.16,4.0,39.06,150.0,0.49,0.38,0.13,4,2,0,0.0,0.0,0.0,0.0,10.39094650205761,10.39094650205761,0.0,
2,2,0.16,0.16,4.0,39.06,150.0,0.49,0.38,0.13,4,3,0,0.0,0.0,0.0,0.0,10.39094650205761,10.39094650205761,0.0,
2,2,0.16,0.16,4.0,39.06,150.0,0.49,0.38,0.13,4,4,0,0.0,0.0,0.0,0.0,10.39094650205761,10.39094650205761,0.0,
2,2,0.16,0.16,4.0,39.06,150.0,0.49,0.38,0.13,5,1,0,0.0,0.0,0.0,0.0,16.44309156378601,16.44309156378601,0.0,
2,2,0.16,0.16,4.0,39.06,150.0,0.49,0.38,0.13,5,2,0,0.0,0.0,0.0,0.0,16.44309156378601,16.44309156378601,0.0,
2,2,0.16,0.16,4.0,39.06,150.0,0.49,0.38,0.13,5,3,0,0.0,0.0,0.0,0.0,16.44309156378601,16.44309156378601,0.0,
2,2,0.16,0.16,4.0,39.06,150.0,0.49,0.38,0.13,5,4,0,0.0,0.0,0.0,0.0,16.44309156378601,16.44309156378601,0.0,
2,2,0.16,0.16,4.0,39.06,150.0,0.49,0.38,0.13,6,1,1,0.24178688229750284,0.09671475291900114,0.1450721293785017,0.0102888035020214,22.19994862397414,22.452024309773666,0.05373041828833396,
2,2,0.16,0.16,4.0,39.06,150.0,0.49,0.38,0.13,6,2,1,0.24178688229750284,0.09671475291900114,0.1450721293785017,0.0102888035020214,22.19994862397414,22.452024309773666,0.05373041828833396,
2,2,0.16,0.16,4.0,39.06,150.0,0.49,0.38,0.13,6,3,1,0.24178688229750284,0.09671475291900114,0.1450721293785017,0.0102888035020214,22.19994862397414,22.452024309773666,0.05373041828833396,
2,2,0.16,0.16,4.0,39.06,150.0,0.49,0.38,0.13,6,4,1,0.24178688229750284,0.09671475291900114,0.1450721293785017,0.0102888035020214,22.19994862397414,22.452024309773666,0.05373041828833396,
2,2,0.16,0.16,4.0,39.06,150.0,0.49,0.38,0.13,7,1,1,0.6274165875419749,0.25096663501678995,0.376449952525185,0.026698578193275528,27.82744337406129,28.481558539796538,0.13942590834266108,
2,2,0.16,0.16,4.0,39.06,150.0,0.49,0.38,0.13,7,2,1,0.6250756470630785,0.25003025882523144,0.37504538823784705,0.02659896370481185,27.79328202685152,28.444956637619413,0.13890569934735078,
2,2,0.16,0.16,4.0,39.06,150.0,0.49,0.38,0.13,7,3,1,0.6258147282966668,0.2503258913186667,0.37548883697800006,0.026630413970070932,27.804067440177683,28.45651258244442,0.1390699396214815,
2,2,0.16,0.16,4.0,39.06,150.0,0.49,0.38,0.13,7,4,1,0.6254942095306719,0.25019768381226876,0.3752965257184031,0.026616774873645617,27.799390109441976,28.451501093846293,0.1389987132290382,
2,2,0.16,0.16,4.0,39.06,150.0,0.49,0.38,0.13,8,1,1,1.1034681042526744,0.4413872417010698,0.6620808625516047,0.046956089542667,33.35781643940257,34.50824063319791,0.2452151342783721,
2,2,0.16,0.16,4.0,39.06,150.0,0.49,0.38,0.13,8,2,1,1.0991517363993948,0.439660694559758,0.6594910418396369,0.046772414314867866,33.30070620964473,34.446630360358995,0.24425594142208773,
2,2,0.16,0.16,4.0,39.06,150.0,0.49,0.38,0.13,8,3,1,1.1000404671122679,0.4400161868449072,0.6600242802673607,0.04681023264307524,33.31323012693617,34.46008082669151,0.24445343713605955,
2,2,0.16,0.16,4.0,39.06,150.0,0.49,0.38,0.13,8,4,1,1.0991470082818031,0.4396588033127212,0.6594882049690818,0.04677221311837461,33.30189685206548,34.44781607346566,0.24425489072928955,
2,2,0.16,0.16,4.0,39.06,150.0,0.49,0.38,0.13,9,1,2,4.28018487417644,2.871866851265943,1.4083180229104975,0.06383163471147099,36.189794975355994,40.533811484243905,1.5954815840366348,
2,2,0.16,0.16,4.0,39.06,150.0,0.49,0.38,0.13,9,2,2,4.2482877578333476,2.8490385025867377,1.3992492552466096,0.06350144337895144,36.10809706800971,40.41988626922201,1.582799168103743,
2,2,0.16,0.16,4.0,39.06,150.0,0.49,0.38,0.13,9,3,2,4.26757477923471,2.8634703742307854,1.4041044050039244,0.06363699820934936,36.13702268809736,40.46823446554142,1.5908168745726585,
2,2,0.16,0.16,4.0,39.06,150.0,0.49,0.38,0.13,9,4,2,4.267937176524747,2.864073835783162,1.4038633407415855,0.06360565011878089,36.12680898347328,40.45835181011681,1.5911521309906456,
2,2,0.16,0.16,4.0,39.06,150.0,0.49,0.38,0.13,10,1,2,8.477338326448901,6.135850263442868,2.341488063006032,0.08074460673181229,38.40585525055795,46.96393818373866,3.4088057019127045,
2,2,0.16,0.16,4.0,39.06,150.0,0.49,0.38,0.13,10,2,2,8.384405360916373,6.065556411877516,2.318848949038858,0.08016846356042925,38.2919309492306,46.7565047737074,3.3697535621541754,
2,2,0.16,0.16,4.0,39.06,150.0,0.49,0.38,0.13,10,3,2,8.473511847239743,6.13428450545958,2.3392273417801634,0.08058536494394444,38.357720635502375,46.911817847686066,3.407935836366434,
2,2,0.16,0.16,4.0,39.06,150.0,0.49,0.38,0.13,10,4,2,8.418667926004673,6.0919558917465775,2.3267120342580956,0.08033155586137776,38.318358478048346,46.817357959914396,3.38441993985921,
2,2,0.16,0.16,4.0,39.06,150.0,0.49,0.38,0.13,11,1,2,13.457066854535986,10.030665660763912,3.426401193772073,0.09854147198285729,40.41513175549961,53.97074008201845,5.57259203375773,
2,2,0.16,0.16,4.0,39.06,150.0,0.49,0.38,0.13,11,2,2,13.30900608167201,9.917254472258598,3.3917516094134132,0.09776830960588309,40.27896387052803,53.68573826180592,5.509585817921444,
2,2,0.16,0.16,4.0,39.06,150.0,0.49,0.38,0.13,11,3,2,13.481080753078814,10.050874811056062,3.4302059420227544,0.09848172787816548,40.37823048711951,53.95779296807649,5.58381933947559,
2,2,0.16,0.16,4.0,39.06,150.0,0.49,0.38,0.13,11,4,2,13.239591526792218,9.862564543152036,3.3770269836401803,0.09756087413141543,40.263558596598216,53.60071099752185,5.4792025239733535,
2,2,0.16,0.16,4.0,39.06,150.0,0.49,0.38,0.13,12,1,3,19.42749746522068,14.734929369365322,4.692568095855358,0.11635100301121859,42.00450318243896,61.54835165067085,8.186071871869622,
2,2,0.16,0.16,4.0,39.06,150.0,0.49,0.38,0.13,12,2,3,19.137249309919493,14.50948489772908,4.627764412190416,0.11515370194735886,41.83048399700799,61.08288700887484,8.060824943182823,
2,2,0.16,0.16,4.0,39.06,150.0,0.49,0.38,0.13,12,3,3,19.56845447958446,14.847281162558765,4.721173317025697,0.1166400950601602,41.99873300978426,61.68382758442888,8.24848953475487,
2,2,0.16,0.16,4.0,39.06,150.0,0.49,0.38,0.13,12,4,3,19.107048550298366,14.485692578182157,4.6213559721162065,0.1150632394935891,41.82551771647581,61.04762950626777,8.047606987878977,
2,2,0.16,0.16,4.0,39.06,150.0,0.49,0.38,0.13,13,1,3,26.32497610340467,20.186802457624484,6.138173645780187,0.13517515952375123,43.45161425607591,69.91176551900433,11.214890254235826,
2,2,0.16,0.16,4.0,39.06,150.0,0.49,0.38,0.13,13,2,3,26.05814922325931,19.97987052171512,6.078278701544193,0.13404177830254468,43.28250892227314,69.47469992383499,11.099928067619512,
2,2,0.16,0.16,4.0,39.06,150.0,0.49,0.38,0.13,13,3,3,26.54776111251974,20.363832355072013,6.183928757447735,0.13568757129010056,43.463011834645926,70.14646051845577,11.313240197262228,
2,2,0.16,0.16,4.0,39.06,150.0,0.49,0.38,0.13,13,4,3,25.889072201972283,19.84630827125708,6.042763930715199,0.13357230365858092,43.24840599824206,69.27105050387293,11.025726817365046,
2,2,0.16,0.16,4.0,39.06,150.0,0.49,0.38,0.13,14,1,3,34.04755650433484,26.301876030503944,7.7456804738309,0.1551262909799238,44.83973543602907,79.04241823134385,14.612153350279966,
2,2,0.16,0.16,4.0,39.06,150.0,0.49,0.38,0.13,14,2,3,33.757947066846754,26.07690387913598,7.681043187710776,0.1539340514791197,44.66653497485448,78.57841609318035,14.487168821742213,
2,2,0.16,0.16,4.0,39.06,150.0,0.49,0.38,0.13,14,3,3,34.472179440421016,26.63872993872863,7.833449501692388,0.15616014697925992,44.88741305142624,79.51575263882651,14.799294410404794,
2,2,0.16,0.16,4.0,39.06,150.0,0.49,0.38,0.13,14,4,3,33.57860556541638,25.935213768816965,7.64339179659942,0.15343805875673694,44.630587027327564,78.36263065150068,14.4084520937872,
2,2,0.16,0.16,4.0,39.06,150.0,0.49,0.38,0.13,15,1,4,43.22503559356603,33.584933315913666,9.640102277652364,0.1772109982768089,46.16399219115629,89.56623878299912,18.658296286618707,
2,2,0.16,0.16,4.0,39.06,150.0,0.49,0.38,0.13,15,2,4,42.56952480233334,33.069589430192444,9.499935372140907,0.17513825289651275,45.937994296754624,88.68265735198447,18.371994127884694,
2,2,0.16,0.16,4.0,39.06,150.0,0.49,0.38,0.13,15,3,4,43.497713830192474,33.80120705831939,9.696506771873086,0.17787921419347583,46.189745071807785,89.86533811619373,18.778448365732995,
2,2,0.16,0.16,4.0,39.06,150.0,0.49,0.38,0.13,15,4,4,42.34674553946684,32.89342801225034,9.453317527216502,0.17453773144269713,45.89577853336563,88.41706180427516,18.27412667347241,
2,2,0.16,0.16,4.0,39.06,150.0,0.49,0.38,0.13,16,1,4,53.51983791702906,41.76561989485928,11.754218022169779,0.2008680259386108,47.44448479374399,101.16519073671165,23.203122163810708,
2,2,0.16,0.16,4.0,39.06,150.0,0.49,0.38,0.13,16,2,4,52.59224690394673,41.03406952460857,11.558177379338163,0.19817005152211875,47.184644898258455,99.97506185372731,22.796705291449204,
2,2,0.16,0.16,4.0,39.06,150.0,0.49,0.38,0.13,16,3,4,53.9398642642889,42.09898269572555,11.840881568563365,0.20187484168649783,47.48856519150005,101.63030429747545,23.388323719847524,
2,2,0.16,0.16,4.0,39.06,150.0,0.49,0.38,0.13,16,4,4,52.39819945434225,40.880739624140645,11.517459830201599,0.19763555458045567,47.14600286782566,99.74183787674836,22.71152201341147,
2,2,0.16,0.16,4.0,39.06,150.0,0.49,0.38,0.13,17,1,4,65.0237495507094,50.91577882678639,14.107970723923009,0.22641989234482762,48.73281270376258,113.9829821468168,28.286543792659106,
2,2,0.16,0.16,4.0,39.06,150.0,0.49,0.38,0.13,17,2,4,63.88009127175802,50.01236953709645,13.867721734661579,0.22324200100198516,48.448775344151414,112.55210861691143,27.784649742831363,
2,2,0.16,0.16,4.0,39.06,150.0,0.49,0.38,0.13,17,3,4,65.78926152469192,51.52393932202592,14.265322202666024,0.22819408208343972,48.81558418239535,114.8330397891707,28.62441073445884,
2,2,0.16,0.16,4.0,39.06,150.0,0.49,0.38,0.13,17,4,4,63.58264055577656,49.77679314938503,13.805847406391525,0.22247783031694107,48.39855313835717,112.20367152445067,27.65377397188057,
2,2,0.16,0.16,4.0,39.06,150.0,0.49,0.38,0.13,18,1,5,78.2879890292888,61.47761870913885,16.810370320149957,0.2547061857275186,50.01613079182562,128.5588260068419,34.15423261618825,
2,2,0.16,0.16,4.0,39.06,150.0,0.49,0.38,0.13,18,2,5,76.72891987657923,60.243432585910305,16.48548729066893,0.2506424212165642,49.69190233877612,126.67146463657191,33.46857365883906,
2,2,0.16,0.16,4.0,39.06,150.0,0.49,0.38,0.13,18,3,5,79.13894376487374,62.153814222036786,16.98512954283696,0.25666258410508175,50.107168876443254,129.50277522542208,34.52989679002044,
2,2,0.16,0.16,4.0,39.06,150.0,0.49,0.38,0.13,18,4,5,76.3092490667609,59.91053670516684,16.398712361594065,0.2496176133923074,49.62985531201126,126.18872199216446,33.28363150287046,
2,2,0.16,0.16,4.0,39.06,150.0,0.49,0.38,0.13,19,1,5,93.15082201448779,73.32191780306461,19.828904211423207,0.28542672925207674,51.30981800992337,144.74606675366323,40.73439877948034,
2,2,0.16,0.16,4.0,39.06,150.0,0.49,0.38,0.13,19,2,5,91.70431028983215,72.17742950826765,19.526880781564522,0.28159561388486143,50.99538675409194,142.98129265780895,40.09857194903759,
2,2,0.16,0.16,4.0,39.06,150.0,0.49,0.38,0.13,19,3,5,94.36953353075089,74.29118135410229,20.078352176648593,0.2881432578281374,51.432866293875534,146.09054308245456,41.27287853005683,
2,2,0.16,0.16,4.0,39.06,150.0,0.49,0.38,0.13,19,4,5,90.88813301267123,71.52855475616376,19.359578256507476,0.27975125206306606,50.89882710451789,142.06671136925218,39.73808597564653,
2,2,0.16,0.16,4.0,39.06,150.0,0.49,0.38,0.13,20,1,5,109.8592647495499,86.64583184021312,23.213432909336774,0.31906080517234403,52.65600960056756,162.8343351552898,48.13657324456285,
2,2,0.16,0.16,4.0,39.06,150.0,0.49,0.38,0.13,20,2,5,108.2135625580938,85.34250189280067,22.87106066529314,0.31482871962560977,52.325529659912824,160.85392093763224,47.41250105155592,
2,2,0.16,0.16,4.0,39.06,150.0,0.49,0.38,0.13,20,3,5,111.2759153053006,87.7729391106535,23.50297619464711,0.3221757848061889,52.7950057424167,164.3930968325235,48.76274395036306,
2,2,0.16,0.16,4.0,39.06,150.0,0.49,0.38,0.13,20,4,5,107.16046389304675,84.50469749262537,22.655766400421385,0.3125074353237455,52.20988136245738,159.68285269082787,46.947054162569636,
2,2,0.16,0.16,4.0,39.06,150.0,0.49,0.38,0.13,21,1,6,128.71542409454835,101.69340467319617,27.022019421352223,0.355896978658203,54.01880047613845,183.09012154934499,56.496335929553425,
2,2,0.16,0.16,4.0,39.06,150.0,0.49,0.38,0.13,21,2,6,126.84074308755082,100.20734528756519,26.633397799985634,0.35121757490527694,53.671771553540495,180.8637322159966,55.67074738198066,
2,2,0.16,0.16,4.0,39.06,150.0,0.49,0.38,0.13,21,3,6,130.49356469827634,103.10898785889651,27.384576839379843,0.35971814187254636,54.183922581922225,185.0372054220711,57.282771032720284,
2,2,0.16,0.16,4.0,39.06,150.0,0.49,0.38,0.13,21,4,6,125.43901908914361,99.09133125842048,26.347687830723125,0.34821523869744075,53.53092706344564,179.31816139128668,55.05073958801137,
2,2,0.16,0.16,4.0,39.06,150.0,0.49,0.38,0.13,22,1,6,150.05851409971663,118.73630379593297,31.322210303783653,0.3964991509188053,55.441683566784654,205.8966968174201,65.96461321996276,
2,2,0.16,0.16,4.0,39.06,150.0,0.49,0.38,0.13,22,2,6,148.0212909923592,117.12045117891144,30.900839813447796,0.39151053409706815,55.08381842477966,203.49661995123594,65.06691732161748,
2,2,0.16,0.16,4.0,39.06,150.0,0.49,0.38,0.13,22,3,6,152.01728097970295,120.29612080178033,31.721160177922627,0.4006639297568309,55.61884751253406,208.03679242199382,66.83117822321128,
2,2,0.16,0.16,4.0,39.06,150.0,0.49,0.38,0.13,22,4,6,146.464723667576,115.88079154874944,30.583932118826578,0.3882136306354088,54.93265097063665,201.78558826884807,64.37821752708302,
2,2,0.16,0.16,4.0,39.06,150.0,0.49,0.38,0.13,23,1,6,174.0906570599729,137.93782425659379,36.15283280337912,0.4410584088293494,56.95200315424382,231.48371862304606,76.63212458699655,
2,2,0.16,0.16,4.0,39.06,150.0,0.49,0.38,0.13,23,2,6,171.86161511082065,136.16870967614457,35.69290543467611,0.435714130622867,56.58208300097804,228.87941224242155,75.64928315341365,
2,2,0.16,0.16,4.0,39.06,150.0,0.49,0.38,0.13,23,3,6,176.28818168962326,139.68840709730227,36.599774592321,0.44566588094541587,57.14417202512918,233.87801959569788,77.60467060961238,
2,2,0.16,0.16,4.0,39.06,150.0,0.49,0.38,0.13,23,4,6,169.5037430102065,134.28881292381712,35.2149300863894,0.43093148590915825,56.38055689590393,226.3152313920196,74.60489606878728,
2,2,0.16,0.16,4.0,39.06,150.0,0.49,0.38,0.13,24,1,7,201.08262322645254,159.51784074998244,41.564782476470114,0.4897166156077808,58.50860614117198,260.0809459832323,88.62102263887914,
2,2,0.16,0.16,4.0,39.06,150.0,0.49,0.38,0.13,24,2,7,199.13122123748659,157.97069869584305,41.16052254164353,0.4848728367909826,58.15469724061195,257.7707913148895,87.76149927546837,
2,2,0.16,0.16,4.0,39.06,150.0,0.49,0.38,0.13,24,3,7,203.70297038978893,161.60646925933335,42.09650113045562,0.49508630660585756,58.72515881629068,262.9232155126855,89.78137181074077,
2,2,0.16,0.16,4.0,39.06,150.0,0.49,0.38,0.13,24,4,7,195.44824242116084,155.03138209228342,40.41686032887742,0.4777014325412362,57.8767533948311,253.80269724853318,86.12854560682413,
2,2,0.16,0.16,4.0,39.06,150.0,0.49,0.38,0.13,25,1,7,231.12501259443064,183.55175224436493,47.57326035006574,0.5423347058908752,60.134018111778495,291.80136541210004,101.97319569131386,
2,2,0.16,0.16,4.0,39.06,150.0,0.49,0.38,0.13,25,2,7,229.2994091797028,182.10524904961602,47.19416013008677,0.5377112584417212,59.78691541114974,289.6240358492943,101.16958280534223,
2,2,0.16,0.16,4.0,39.06,150.0,0.49,0.38,0.13,25,3,7,234.69164218492494,186.39740669544213,48.294235489482816,0.54936177418926,60.40176840523032,295.6427723643445,103.55411483080118,
2,2,0.16,0.16,4.0,39.06,150.0,0.49,0.38,0.13,25,4,7,224.57009449937058,178.3288637548512,46.24123074451936,0.5287072371426327,59.45236066076342,284.55116239727664,99.07159097491733,
2,2,0.16,0.16,4.0,39.06,150.0,0.49,0.38,0.13,26,1,7,264.88819915552887,210.56230149324355,54.32589766228539,0.601469629446937,61.878283720042134,327.3679525050179,116.97905638513528,
2,2,0.16,0.16,4.0,39.06,150.0,0.49,0.38,0.13,26,2,7,262.92094589840053,209.0024784245742,53.91846747382632,0.5965980877432042,61.5238631393884,325.04140712553215,116.11248801365234,
2,2,0.16,0.16,4.0,39.06,150.0,0.49,0.38,0.13,26,3,7,269.8605738660437,214.53255204033712,55.32802182570656,0.61095880629249,62.21865727914452,332.6901899514807,119.18475113352062,
2,2,0.16,0.16,4.0,39.06,150.0,0.49,0.38,0.13,26,4,7,257.41529652100206,204.6050253721564,52.810271148845665,0.5862343460610335,61.14920157295425,319.15073244001735,113.6694585400869,
2,2,0.16,0.16,4.0,39.06,150.0,0.49,0.38,0.13,27,1,8,303.023493154265,241.07053669223242,61.95295646203261,0.6682621311357898,63.71185381816537,367.40360910356617,133.9280759401291,
2,2,0.16,0.16,4.0,39.06,150.0,0.49,0.38,0.13,27,2,8,300.36987692232486,238.9616232437137,61.40825367861119,0.6621884510623932,63.324432452802455,364.3564978261897,132.75645735761873,
2,2,0.16,0.16,4.0,39.06,150.0,0.49,0.38,0.13,27,3,8,309.39203189567183,246.15771846403968,63.2343134316322,0.6801966356191567,64.11935586509858,374.19158439638954,136.7542880355776,
2,2,0.16,0.16,4.0,39.06,150.0,0.49,0.38,0.13,27,4,8,293.9768610055552,233.85427695979888,60.122584045756284,0.65027052099291,62.90710571764769,357.5342372441958,129.91904275544385,
2,2,0.16,0.16,4.0,39.06,150.0,0.49,0.38,0.13,28,1,8,345.14156450560625,274.7649937733054,70.37657073230085,0.7420303142776036,65.63455257339288,411.51814739327676,152.64721876294743,
2,2,0.16,0.16,4.0,39.06,150.0,0.49,0.38,0.13,28,2,8,342.37693614243125,272.5672706197988,69.80966552263247,0.7357622007231586,65.24206348104978,408.3547618242042,151.4262614554438,
2,2,0.16,0.16,4.0,39.06,150.0,0.49,0.38,0.13,28,3,8,353.17484725844065,281.18397075425474,71.99087650418598,0.7568805539116807,66.11805053219594,420.04977834454826,156.21331708569704,
2,2,0.16,0.16,4.0,39.06,150.0,0.49,0.38,0.13,28,4,8,334.6678881602799,266.40709868357874,68.26078947670123,0.7215392910735388,64.76465960720456,400.15408705855805,148.0039437130993,
2,2,0.16,0.16,4.0,39.06,150.0,0.49,0.38,0.13,29,1,8,391.78735318197056,312.08162471439687,79.70572846757372,0.8237286202890162,67.5974470561404,460.2085288584,173.37868039688715,
2,2,0.16,0.16,4.0,39.06,150.0,0.49,0.38,0.13,29,2,8,388.8527625971074,309.74793178353974,79.1048308135677,0.8171628244358711,67.19780580887198,456.86773123041525,172.08218432418874,
2,2,0.16,0.16,4.0,39.06,150.0,0.49,0.38,0.13,29,3,8,401.84523138973054,320.1202780592866,81.72495333044394,0.8421248610460121,68.16614171460355,470.8534979653801,177.84459892182588,
2,2,0.16,0.16,4.0,39.06,150.0,0.49,0.38,0.13,29,4,8,380.21346522620223,302.84356033631656,77.36990488988569,0.8013106187364698,66.68125624911214,447.69603209405085,168.24642240906476,
2,2,0.16,0.16,4.0,39.06,150.0,0.49,0.38,0.13,30,1,9,443.71213437241823,353.6214496667549,90.09068470566324,0.9146728787880126,69.54669813850914,514.1735053897154,196.45636092597496,
2,2,0.16,0.16,4.0,39.06,150.0,0.49,0.38,0.13,30,2,9,440.34625043006776,350.94272204990807,89.40352838015978,0.9073516891962139,69.1308661818217,510.3844683010857,194.9681789166156,
2,2,0.16,0.16,4.0,39.06,150.0,0.49,0.38,0.13,30,3,9,456.25088235906253,363.64479883475224,92.60608352431035,0.9374142676091994,70.20852439985705,527.3968210265288,202.024888241529,
2,2,0.16,0.16,4.0,39.06,150.0,0.49,0.38,0.13,30,4,9,430.11213417572776,342.76249549593695,87.34963867979079,0.8887062195201727,68.55444728099877,499.5552876762467,190.42360860885384,
2,2,0.16,0.16,4.0,39.06,150.0,0.49,0.38,0.13,31,1,9,501.01637572760893,399.4648427509075,101.55153297670138,1.0150390550031965,71.48443931490947,573.5158540975216,221.92491263939306,
2,2,0.16,0.16,4.0,39.06,150.0,0.49,0.38,0.13,31,2,9,497.00887789436655,396.2728240213471,100.73605387301954,1.0065941033422654,71.0469112040399,569.0623832017487,220.1515689007484,
2,2,0.16,0.16,4.0,39.06,150.0,0.49,0.38,0.13,31,3,9,516.3901673363422,411.75622681657586,104.63394051976626,1.0427459137620905,72.24213249000573,589.67504574011,228.75345934254213,
2,2,0.16,0.16,4.0,39.06,150.0,0.49,0.38,0.13,31,4,9,485.07595389605865,386.73355127220174,98.34240262385698,0.9849732371972273,70.41304717108669,556.4739743043425,214.8519729290009,
2,2,0.16,0.16,4.0,39.06,150.0,0.49,0.38,0.13,32,1,9,563.8221261101843,449.70944305696776,114.11268305321644,1.1250409128264731,73.31324516589615,638.2604121889069,249.8385794760932,
2,2,0.16,0.16,4.0,39.06,150.0,0.49,0.38,0.13,32,2,9,559.3866290680068,446.1750249602593,113.21160410774759,1.1158463370014653,72.86325438317328,633.3657297881815,247.8750138668107,
2,2,0.16,0.16,4.0,39.06,150.0,0.49,0.38,0.13,32,3,9,581.9037609126077,464.16710167758833,117.73665923501937,1.1574904548617486,74.14978652680358,657.2110378942731,257.8706120431046,
2,2,0.16,0.16,4.0,39.06,150.0,0.49,0.38,0.13,32,4,9,545.689877867388,435.2246904492651,110.46518741812282,1.0911361953051986,72.17803044307675,618.95904450577,241.79149469403615,
2,2,0.16,0.16,4.0,39.06,150.0,0.49,0.38,0.13,33,1,10,632.338481518421,504.52252738355713,127.81595413486379,1.24504467586211,74.93506009606755,708.5185862903506,280.2902929908651,
2,2,0.16,0.16,4.0,39.06,150.0,0.49,0.38,0.13,33,2,10,627.7141447899953,500.83703753785005,126.87710725214528,1.2355193545847905,74.48059938757672,703.4302635321568,278.24279863213894,
2,2,0.16,0.16,4.0,39.06,150.0,0.49,0.38,0.13,33,3,10,652.9732124447303,521.0226629032863,131.95054954144385,1.2819658676287895,75.8320344643527,730.0872127767117,289.4570349462702,
2,2,0.16,0.16,4.0,39.06,150.0,0.49,0.38,0.13,33,4,10,611.5490610771348,487.9120370170625,123.63702406007218,1.2064860233649815,73.73694883536503,686.4924959358648,271.0622427872569,
2,2,0.16,0.16,4.0,39.06,150.0,0.49,0.38,0.13,34,1,10,706.5588036408012,563.8987850814613,142.66001855933982,1.375038717362631,76.31542695889597,784.2492693170598,313.2771028230341,
2,2,0.16,0.16,4.0,39.06,150.0,0.49,0.38,0.13,34,2,10,701.3689255696736,559.7608621615926,141.6080634080809,1.3645228721604459,75.85044818060024,778.5838966224343,310.9782567564404,
2,2,0.16,0.16,4.0,39.06,150.0,0.49,0.38,0.13,34,3,10,729.8338921009239,582.5112066282412,147.32268547268256,1.4165843938662641,77.26150731246216,808.5119838072524,323.6173370156896,
2,2,0.16,0.16,4.0,39.06,150.0,0.49,0.38,0.13,34,4,10,683.3993490105888,545.3922673638259,138.00708164676303,1.3323290410770996,75.07323724953393,759.8049153011998,302.9957040910143,
2,2,0.16,0.16,4.0,39.06,150.0,0.49,0.38,0.13,35,1,10,786.9772855775556,628.2335706308647,158.7437149466907,1.51588859754852,77.34273639895086,865.8359105740549,349.01865035048036,
2,2,0.16,0.16,4.0,39.06,150.0,0.49,0.38,0.13,35,2,10,780.7912191129237,623.2986969961929,157.49252211673098,1.5036279666641332,76.86503176813873,859.1598788477265,346.27705388677384,
2,2,0.16,0.16,4.0,39.06,150.0,0.49,0.38,0.13,35,3,10,812.6282767589479,648.7467143546605,163.8815624042874,1.561595576349396,78.31916782649196,892.5090401617892,360.4148413081448,
2,2,0.16,0.16,4.0,39.06,150.0,0.49,0.38,0.13,35,4,10,761.1468324196879,607.5902540911052,153.55657832858284,1.4685007700030235,76.06642590123583,838.6817590909268,337.5501411617251,
2,2,0.16,0.16,4.0,39.06,150.0,0.49,0.38,0.13,36,1,11,874.4544587194399,698.2153091443724,176.23914957506761,1.6691015040757131,77.90892334954151,954.0324835730571,387.8973939690958,
2,2,0.16,0.16,4.0,39.06,150.0,0.49,0.38,0.13,36,2,11,867.3305759531727,692.5301824683921,174.80039348478078,1.655198323984471,77.42514879976692,946.4109230769241,384.7389902602178,
2,2,0.16,0.16,4.0,39.06,150.0,0.49,0.38,0.13,36,3,11,901.6943815863463,719.9995982165791,181.69478336976704,1.7175914356523474,78.8956389729866,982.3076119949852,399.99977678698843,
2,2,0.16,0.16,4.0,39.06,150.0,0.49,0.38,0.13,36,4,11,845.8735652728261,675.3716403736157,170.50192489921048,1.6168963860790855,76.61481091168673,924.105272570592,375.20646687423095,
2,2,0.16,0.16,4.0,39.06,200.0,0.49,0.38,0.13,0,1,0,0.0,0.0,0.0,0.0,0.0,0.0,0.0,
2,2,0.16,0.16,4.0,39.06,200.0,0.49,0.38,0.13,0,2,0,0.0,0.0,0.0,0.0,0.0,0.0,0.0,
2,2,0.16,0.16,4.0,39.06,200.0,0.49,0.38,0.13,0,3,0,0.0,0.0,0.0,0.0,0.0,0.0,0.0,
2,2,0.16,0.16,4.0,39.06,200.0,0.49,0.38,0.13,0,4,0,0.0,0.0,0.0,0.0,0.0,0.0,0.0,
2,2,0.16,0.16,4.0,39.06,200.0,0.49,0.38,0.13,1,1,0,0.0,0.0,0.0,0.0,0.0,0.0,0.0,
2,2,0.16,0.16,4.0,39.06,200.0,0.49,0.38,0.13,1,2,0,0.0,0.0,0.0,0.0,0.0,0.0,0.0,
2,2,0.16,0.16,4.0,39.06,200.0,0.49,0.38,0.13,1,3,0,0.0,0.0,0.0,0.0,0.0,0.0,0.0,
2,2,0.16,0.16,4.0,39.06,200.0,0.49,0.38,0.13,1,4,0,0.0,0.0,0.0,0.0,0.0,0.0,0.0,
2,2,0.16,0.16,4.0,39.06,200.0,0.49,0.38,0.13,2,1,0,0.0,0.0,0.0,0.0,1.8004115226337445,1.8004115226337445,0.0,
2,2,0.16,0.16,4.0,39.06,200.0,0.49,0.38,0.13,2,2,0,0.0,0.0,0.0,0.0,1.8004115226337445,1.8004115226337445,0.0,
2,2,0.16,0.16,4.0,39.06,200.0,0.49,0.38,0.13,2,3,0,0.0,0.0,0.0,0.0,1.8004115226337445,1.8004115226337445,0.0,
2,2,0.16,0.16,4.0,39.06,200.0,0.49,0.38,0.13,2,4,0,0.0,0.0,0.0,0.0,1.8004115226337445,1.8004115226337445,0.0,
2,2,0.16,0.16,4.0,39.06,200.0,0.49,0.38,0.13,3,1,0,0.0,0.0,0.0,0.0,5.298353909465019,5.298353909465019,0.0,
2,2,0.16,0.16,4.0,39.06,200.0,0.49,0.38,0.13,3,2,0,0.0,0.0,0.0,0.0,5.298353909465019,5.298353909465019,0.0,
2,2,0.16,0.16,4.0,39.06,200.0,0.49,0.38,0.13,3,3,0,0.0,0.0,0.0,0.0,5.298353909465019,5.298353909465019,0.0,
2,2,0.16,0.16,4.0,39.06,200.0,0.49,0.38,0.13,3,4,0,0.0,0.0,0.0,0.0,5.298353909465019,5.298353909465019,0.0,
2,2,0.16,0.16,4.0,39.06,200.0,0.49,0.38,0.13,4,1,0,0.0,0.0,0.0,0.0,10.39094650205761,10.39094650205761,0.0,
2,2,0.16,0.16,4.0,39.06,200.0,0.49,0.38,0.13,4,2,0,0.0,0.0,0.0,0.0,10.39094650205761,10.39094650205761,0.0,
2,2,0.16,0.16,4.0,39.06,200.0,0.49,0.38,0.13,4,3,0,0.0,0.0,0.0,0.0,10.39094650205761,10.39094650205761,0.0,
2,2,0.16,0.16,4.0,39.06,200.0,0.49,0.38,0.13,4,4,0,0.0,0.0,0.0,0.0,10.39094650205761,10.39094650205761,0.0,
2,2,0.16,0.16,4.0,39.06,200.0,0.49,0.38,0.13,5,1,0,0.0,0.0,0.0,0.0,16.44309156378601,16.44309156378601,0.0,
2,2,0.16,0.16,4.0,39.06,200.0,0.49,0.38,0.13,5,2,0,0.0,0.0,0.0,0.0,16.44309156378601,16.44309156378601,0.0,
2,2,0.16,0.16,4.0,39.06,200.0,0.49,0.38,0.13,5,3,0,0.0,0.0,0.0,0.0,16.44309156378601,16.44309156378601,0.0,
2,2,0.16,0.16,4.0,39.06,200.0,0.49,0.38,0.13,5,4,0,0.0,0.0,0.0,0.0,16.44309156378601,16.44309156378601,0.0,
2,2,0.16,0.16,4.0,39.06,200.0,0.49,0.38,0.13,6,1,1,0.24178688229750284,0.09671475291900114,0.1450721293785017,0.0102888035020214,22.19994862397414,22.452024309773666,0.05373041828833396,
2,2,0.16,0.16,4.0,39.06,200.0,0.49,0.38,0.13,6,2,1,0.24178688229750284,0.09671475291900114,0.1450721293785017,0.0102888035020214,22.19994862397414,22.452024309773666,0.05373041828833396,
2,2,0.16,0.16,4.0,39.06,200.0,0.49,0.38,0.13,6,3,1,0.24178688229750284,0.09671475291900114,0.1450721293785017,0.0102888035020214,22.19994862397414,22.452024309773666,0.05373041828833396,
2,2,0.16,0.16,4.0,39.06,200.0,0.49,0.38,0.13,6,4,1,0.24178688229750284,0.09671475291900114,0.1450721293785017,0.0102888035020214,22.19994862397414,22.452024309773666,0.05373041828833396,
2,2,0.16,0.16,4.0,39.06,200.0,0.49,0.38,0.13,7,1,1,0.6283566397633584,0.2513426559053434,0.37701398385801504,0.02673858041546206,27.84116155725283,28.49625677743165,0.13963480883630186,
2,2,0.16,0.16,4.0,39.06,200.0,0.49,0.38,0.13,7,2,1,0.6255777679718203,0.2502311071887281,0.3753466607830922,0.026620330551992356,27.800609477873643,28.452807576397454,0.1390172817715156,
2,2,0.16,0.16,4.0,39.06,200.0,0.49,0.38,0.13,7,3,1,0.6264857480107722,0.25059429920430887,0.3758914488064633,0.026658968000458395,27.81385963166858,28.46700434767981,0.13921905511350494,
2,2,0.16,0.16,4.0,39.06,200.0,0.49,0.38,0.13,7,4,1,0.6260956431243314,0.25043825724973257,0.37565738587459885,0.02664236779252474,27.80816683059394,28.460904841510796,0.1391323651387403,
2,2,0.16,0.16,4.0,39.06,200.0,0.49,0.38,0.13,8,1,1,1.106616773555554,0.4426467094222217,0.6639700641333325,0.04709007547044912,33.39719251042851,34.55089935945451,0.24591483856790092,
2,2,0.16,0.16,4.0,39.06,200.0,0.49,0.38,0.13,8,2,1,1.1012328480855689,0.44049313923422756,0.6607397088513414,0.04686097225896038,33.32637707048575,34.474470890830275,0.24471841068568195,
2,2,0.16,0.16,4.0,39.06,200.0,0.49,0.38,0.13,8,3,1,1.1024804893450346,0.4409921957380139,0.6614882936070208,0.04691406337638447,33.34357312761117,34.49296768033259,0.24499566429889663,
2,2,0.16,0.16,4.0,39.06,200.0,0.49,0.38,0.13,8,4,1,1.101416916214484,0.4405667664857936,0.6608501497286905,0.0468688049452972,33.330056529096865,34.478342250256645,0.24475931471432977,
2,2,0.16,0.16,4.0,39.06,200.0,0.49,0.38,0.13,9,1,2,4.304994339554003,2.889698814113163,1.4152955254408406,0.06408068841804013,36.248481206524616,40.61755623449666,1.6053882300628688,
2,2,0.16,0.16,4.0,39.06,200.0,0.49,0.38,0.13,9,2,2,4.262972670288536,2.8595140105214063,1.4034586597671304,0.06365695598868802,36.145003961470074,40.4716335877473,1.5886188947341144,
2,2,0.16,0.16,4.0,39.06,200.0,0.49,0.38,0.13,9,3,2,4.285050774618342,2.8759502812677677,1.4091004933505749,0.06382070394016126,36.18076995371458,40.52964143227308,1.5977501562598706,
2,2,0.16,0.16,4.0,39.06,200.0,0.49,0.38,0.13,9,4,2,4.2896534128783355,2.879860023277457,1.4097933896008783,0.06380554589673285,36.172304667671725,40.52576362644679,1.5999222351541427,
2,2,0.16,0.16,4.0,39.06,200.0,0.49,0.38,0.13,10,1,2,8.619845840051509,6.245211993171534,2.374633846879976,0.0814679399278295,38.52668502070037,47.22799880067971,3.46956221842863,
2,2,0.16,0.16,4.0,39.06,200.0,0.49,0.38,0.13,10,2,2,8.503332498831785,6.15709755122634,2.346234947605445,0.08074403368357227,38.38387682505554,46.96795335757089,3.4206097506813,
2,2,0.16,0.16,4.0,39.06,200.0,0.49,0.38,0.13,10,3,2,8.52996580235191,6.177076245371188,2.3528895569807236,0.08092613739861933,38.42204792259011,47.03293986234064,3.431709025206215,
2,2,0.16,0.16,4.0,39.06,200.0,0.49,0.38,0.13,10,4,2,8.56594402776338,6.205385713808386,2.3605583139549924,0.08103741133668718,38.43014867185861,47.07713011095868,3.4474365076713256,
2,2,0.16,0.16,4.0,39.06,200.0,0.49,0.38,0.13,11,1,2,13.795984996622385,10.29364683695466,3.502338159667727,0.09996674976667352,40.615211480515555,54.511163226904614,5.718692687197034,
2,2,0.16,0.16,4.0,39.06,200.0,0.49,0.38,0.13,11,2,2,13.63148349543987,10.167999219604827,3.4634842758350453,0.09907134043511216,40.453040485917974,54.18359532179296,5.648888455336014,
2,2,0.16,0.16,4.0,39.06,200.0,0.49,0.38,0.13,11,3,2,13.810642511940422,10.30727347214264,3.5033690397977835,0.09979855008232437,40.5527543622933,54.46319542431605,5.726263040079244,
2,2,0.16,0.16,4.0,39.06,200.0,0.49,0.38,0.13,11,4,2,13.79578648249119,10.295823737356995,3.4999627451341935,0.09972814938114422,40.540343938440266,54.435858570312604,5.7199020763094435,
2,2,0.16,0.16,4.0,39.06,200.0,0.49,0.38,0.13,12,1,3,20.20460775391547,15.34317398585047,4.861433768065002,0.11908338863034579,42.321232798014265,62.64492394056008,8.523985547694707,
2,2,0.16,0.16,4.0,39.06,200.0,0.49,0.38,0.13,12,2,3,19.98007495696899,15.170226087422526,4.809848869546465,0.11800890859278412,42.143081042156574,62.24116490771835,8.427903381901402,
2,2,0.16,0.16,4.0,39.06,200.0,0.49,0.38,0.13,12,3,3,20.348959202057927,15.45898997741751,4.889969224640417,0.11930206022404032,42.29330113440656,62.76156239668853,8.588327765231949,
2,2,0.16,0.16,4.0,39.06,200.0,0.49,0.38,0.13,12,4,3,20.077113939589886,15.245051477377954,4.832062462211929,0.11846507198205322,42.21247833452487,62.40805734609681,8.469473042987753,
2,2,0.16,0.16,4.0,39.06,200.0,0.49,0.38,0.13,13,1,3,27.87444690134238,21.405532687137097,6.468914214205282,0.14001542192985403,43.930387352232344,71.94484967550457,11.891962603965055,
2,2,0.16,0.16,4.0,39.06,200.0,0.49,0.38,0.13,13,2,3,27.519923845724016,21.129838491088773,6.390085354635245,0.13858618081180157,43.724963262141145,71.38347328867697,11.738799161715981,
2,2,0.16,0.16,4.0,39.06,200.0,0.49,0.38,0.13,13,3,3,28.05602762233944,21.550775267957757,6.50525235438168,0.14033569726831163,43.91026649831865,72.1066298179264,11.972652926643201,
2,2,0.16,0.16,4.0,39.06,200.0,0.49,0.38,0.13,13,4,3,27.694931984887322,21.26629190029092,6.428640084596402,0.13925513262462297,43.81071871025784,71.64490582776978,11.814606611272735,
2,2,0.16,0.16,4.0,39.06,200.0,0.49,0.38,0.13,14,1,3,36.88295830878586,28.538862115731394,8.344096193054462,0.1632887303298141,45.54965252466302,82.59589956377869,15.854923397628554,
2,2,0.16,0.16,4.0,39.06,200.0,0.49,0.38,0.13,14,2,3,36.26076099999682,28.051211854906185,8.209549145090634,0.16116795815152202,45.29611442592911,81.71804338407745,15.584006586058988,
2,2,0.16,0.16,4.0,39.06,200.0,0.49,0.38,0.13,14,3,3,37.22470857999894,28.810933882246005,8.41377469775294,0.1640228004862902,45.558321885094216,82.94705326557946,16.00607437902556,
2,2,0.16,0.16,4.0,39.06,200.0,0.49,0.38,0.13,14,4,3,36.82288990495187,28.494204249979013,8.32868565497285,0.1628370286923783,45.451454197717005,82.43718113136126,15.830113472210565,
2,2,0.16,0.16,4.0,39.06,200.0,0.49,0.38,0.13,15,1,4,47.652216970861375,37.08512269499264,10.567094275868737,0.18920389974005636,47.10359379680384,94.94501466740527,20.60284594166258,
2,2,0.16,0.16,4.0,39.06,200.0,0.49,0.38,0.13,15,2,4,46.84703968957678,36.452263318591065,10.394776370985715,0.18664280412496148,46.82365275426868,93.85733524797043,20.25125739921726,
2,2,0.16,0.16,4.0,39.06,200.0,0.49,0.38,0.13,15,3,4,47.84279542049553,37.23722763556362,10.60556778493191,0.189574189669016,47.09044994426399,95.12281955442853,20.687348686424233,
2,2,0.16,0.16,4.0,39.06,200.0,0.49,0.38,0.13,15,4,4,47.41978338152476,36.90367938872654,10.516103992798211,0.18833741811423949,46.98052417796696,94.58864497760595,20.50204410484808,
2,2,0.16,0.16,4.0,39.06,200.0,0.49,0.38,0.13,16,1,4,60.08926213812568,46.968126300578575,13.121135837547115,0.21778371237837024,48.65054378519118,108.95758963569523,26.09340350032143,
2,2,0.16,0.16,4.0,39.06,200.0,0.49,0.38,0.13,16,2,4,59.31979872954525,46.36364668222706,12.956152047318191,0.21530468575769857,48.3750449211817,107.91014833648464,25.757581490126142,
2,2,0.16,0.16,4.0,39.06,200.0,0.49,0.38,0.13,16,3,4,60.317098467347,47.1498379325577,13.167260534789303,0.21823961936536754,48.64203415851604,109.17737224522841,26.194354406976498,
2,2,0.16,0.16,4.0,39.06,200.0,0.49,0.38,0.13,16,4,4,59.45264869919112,46.4655045425854,12.987144156605723,0.21598844226474634,48.47720129162939,108.14583843308526,25.81416919032522,
2,2,0.16,0.16,4.0,39.06,200.0,0.49,0.38,0.13,17,1,4,74.73537006372683,58.617573855534616,16.11779620819222,0.2503148552628769,50.290767581630405,125.27645250062011,32.56531880863034,
2,2,0.16,0.16,4.0,39.06,200.0,0.49,0.38,0.13,17,2,4,73.54531113121485,57.678554472572635,15.866756658642194,0.24690162460963183,49.968166047714845,123.76037880353933,32.04364137365147,
2,2,0.16,0.16,4.0,39.06,200.0,0.49,0.38,0.13,17,3,4,74.91119310806198,58.75791435755074,16.15327875051126,0.2506552331542865,50.276432965269635,125.4382813064859,32.64328575419486,
2,2,0.16,0.16,4.0,39.06,200.0,0.49,0.38,0.13,17,4,4,73.43766704360557,57.589124454847344,15.848542588758237,0.24705120872226716,50.04338938737949,123.72810763970733,31.993958030470743,
2,2,0.16,0.16,4.0,39.06,200.0,0.49,0.38,0.13,18,1,5,91.99272523647271,72.35898906609215,19.633736170380555,0.2871165589876855,51.960420491703225,144.24026228716363,40.1994383700512,
2,2,0.16,0.16,4.0,39.06,200.0,0.49,0.38,0.13,18,2,5,90.55048424895551,71.2191661247755,19.33131812418002,0.2831655443472585,51.61342028847868,142.44707008178145,39.56620340265306,
2,2,0.16,0.16,4.0,39.06,200.0,0.49,0.38,0.13,18,3,5,92.5435789721626,72.79795310543611,19.745625866726513,0.28825669838674167,51.98237017724846,144.8142058477978,40.443307280797825,
2,2,0.16,0.16,4.0,39.06,200.0,0.49,0.38,0.13,18,4,5,90.1381431313589,70.88711675080653,19.251026380552375,0.2826653550901521,51.659164123450026,142.07997260989907,39.38173152822585,
2,2,0.16,0.16,4.0,39.06,200.0,0.49,0.38,0.13,19,1,5,111.81596988350653,88.15627608703541,23.659693796471142,0.3280899622805581,53.68587069669649,165.82993054248357,48.97570893724189,
2,2,0.16,0.16,4.0,39.06,200.0,0.49,0.38,0.13,19,2,5,110.7282666455745,87.29898684238044,23.42927980319405,0.32487175493050935,53.36973008500662,164.42286848551163,48.49943713465581,
2,2,0.16,0.16,4.0,39.06,200.0,0.49,0.38,0.13,19,3,5,112.83703395059209,88.96995414003004,23.867079810562043,0.3302019969411517,53.74874831947616,166.9159842670094,49.42775230001669,
2,2,0.16,0.16,4.0,39.06,200.0,0.49,0.38,0.13,19,4,5,109.96863011379894,86.69017524121155,23.278454872587385,0.3236537278360413,53.38524471410082,163.67752855573582,48.16120846733974,
2,2,0.16,0.16,4.0,39.06,200.0,0.49,0.38,0.13,20,1,5,135.24038261787425,106.83574649563673,28.404636122237502,0.37524327804960367,55.57316491907258,191.18879081499642,59.35319249757596,
2,2,0.16,0.16,4.0,39.06,200.0,0.49,0.38,0.13,20,2,5,133.98262111975916,105.842846669199,28.13977445056014,0.3716827436182967,55.243322791124854,189.5976266545023,58.80158148288833,
2,2,0.16,0.16,4.0,39.06,200.0,0.49,0.38,0.13,20,3,5,136.38881355619674,107.75099147922154,28.637822076975194,0.37761170207483397,55.646304432424856,192.41272969069644,59.86166193290086,
2,2,0.16,0.16,4.0,39.06,200.0,0.49,0.38,0.13,20,4,5,133.29864273323835,105.29436759809106,28.004275135147306,0.37061701628280885,55.2649331623849,188.93419291190605,58.49687088782835,
2,2,0.16,0.16,4.0,39.06,200.0,0.49,0.38,0.13,21,1,6,162.55673904747437,128.63471708055388,33.9220219669205,0.4286067454467547,57.54739947102951,220.53274526395063,71.46373171141884,
2,2,0.16,0.16,4.0,39.06,200.0,0.49,0.38,0.13,21,2,6,161.1214630408995,127.50015730915668,33.62130573174283,0.4246994301514211,57.20472784010695,218.7508903111579,70.83342072730926,
2,2,0.16,0.16,4.0,39.06,200.0,0.49,0.38,0.13,21,3,6,164.4191040765017,130.11969501087896,34.29940906562272,0.43236986494212304,57.67213713047135,222.52361107191518,72.28871945048832,
2,2,0.16,0.16,4.0,39.06,200.0,0.49,0.38,0.13,21,4,6,159.66277448968876,126.33344483142892,33.32932965825985,0.4221202791379908,57.17034759714197,217.25524236596874,70.18524712857162,
2,2,0.16,0.16,4.0,39.06,200.0,0.49,0.38,0.13,22,1,6,194.73108042361048,154.32659460537354,40.40448581823696,0.48981382233248055,59.69237127622251,254.91326552216546,85.73699700298528,
2,2,0.16,0.16,4.0,39.06,200.0,0.49,0.38,0.13,22,2,6,192.52809713881874,152.57900468251876,39.949092456299994,0.4844460538811921,59.298518785149135,252.31106197784905,84.7661137125104,
2,2,0.16,0.16,4.0,39.06,200.0,0.49,0.38,0.13,22,3,6,197.07364230607627,156.19501966215623,40.87862264392007,0.4944904475740922,59.84912229374763,257.417255047398,86.77501092342011,
2,2,0.16,0.16,4.0,39.06,200.0,0.49,0.38,0.13,22,4,6,190.032826319253,150.58455980860498,39.448266510648054,0.4798949535477784,59.195032551376414,249.7077538241772,83.65808878255831,
2,2,0.16,0.16,4.0,39.06,200.0,0.49,0.38,0.13,23,1,6,232.06491786530032,184.15607942065313,47.908838444647245,0.5590364502981078,62.038646681476635,294.66260099707506,102.30893301147395,
2,2,0.16,0.16,4.0,39.06,200.0,0.49,0.38,0.13,23,2,6,229.7543183071605,182.3225048197773,47.43181348738324,0.5534691448647273,61.638030958100764,291.945818410126,101.2902804554318,
2,2,0.16,0.16,4.0,39.06,200.0,0.49,0.38,0.13,23,3,6,235.1301307272132,186.60189774572305,48.528232981490135,0.5650529806586987,62.24081328807179,297.9359969959437,103.66772096984613,
2,2,0.16,0.16,4.0,39.06,200.0,0.49,0.38,0.13,23,4,6,225.33528447203523,178.79098624561885,46.54429822641638,0.5453510945297743,61.413644271595466,287.29427983816043,99.3283256920105,
2,2,0.16,0.16,4.0,39.06,200.0,0.49,0.38,0.13,24,1,7,275.8603852806028,219.17045752592753,56.68992775467531,0.6379861976528695,64.56429283011606,341.0626643083718,121.76136529218196,
2,2,0.16,0.16,4.0,39.06,200.0,0.49,0.38,0.13,24,2,7,273.0361199598853,216.92620829838145,56.10991166150389,0.6314929109576443,64.13405445326694,337.80166732410987,120.51456016576745,
2,2,0.16,0.16,4.0,39.06,200.0,0.49,0.38,0.13,24,3,7,279.1826654993686,221.82180062702096,57.360864872347705,0.6444661413316524,64.78128428544773,344.608415926148,123.23433368167831,
2,2,0.16,0.16,4.0,39.06,200.0,0.49,0.38,0.13,24,4,7,266.71989355784206,211.87788851631146,54.84200504153062,0.6199548063869149,63.800258337369655,331.14010670159865,117.70993806461749,
2,2,0.16,0.16,4.0,39.06,200.0,0.49,0.38,0.13,25,1,7,326.98730702169973,260.0719949188051,66.91531210289469,0.7275330359924723,67.33046131293385,395.045301370626,144.48444162155837,
2,2,0.16,0.16,4.0,39.06,200.0,0.49,0.38,0.13,25,2,7,323.6861353332112,257.44622059704216,66.23991473616907,0.7202044661242417,66.87442041719922,391.28076021653465,143.02567810946786,
2,2,0.16,0.16,4.0,39.06,200.0,0.49,0.38,0.13,25,3,7,330.16640217939295,262.6087899710404,67.55761220835257,0.7337621965401793,67.53970589069766,398.4398702666308,145.89377220613358,
2,2,0.16,0.16,4.0,39.06,200.0,0.49,0.38,0.13,25,4,7,314.7557438684752,250.3065687648179,64.44917510365723,0.7040877519230047,66.39918764212024,381.8590192625184,139.0592048693433,
2,2,0.16,0.16,4.0,39.06,200.0,0.49,0.38,0.13,26,1,7,385.22868826255404,306.66509991148854,78.56358835106555,0.8295405766979355,70.33931351627542,456.3975423555274,170.36949995082693,
2,2,0.16,0.16,4.0,39.06,200.0,0.49,0.38,0.13,26,2,7,381.56981496389653,303.7531643015904,77.81665066230613,0.8215855062079418,69.86479312615097,452.25619359625546,168.751757945328,
2,2,0.16,0.16,4.0,39.06,200.0,0.49,0.38,0.13,26,3,7,389.99599780015507,310.4724664676501,79.523531332505,0.8385514336882021,70.6306080426248,461.46515727646806,172.48470359313896,
2,2,0.16,0.16,4.0,39.06,200.0,0.49,0.38,0.13,26,4,7,370.46688209007203,294.87547934209545,75.5914027479766,0.8016636692314496,69.27732304030916,440.54586879961266,163.81971074560857,
2,2,0.16,0.16,4.0,39.06,200.0,0.49,0.38,0.13,27,1,8,453.25347360848446,361.0849281882329,92.16854542025163,0.948683373663195,73.6099900802396,527.8121470623872,200.6027378823516,
2,2,0.16,0.16,4.0,39.06,200.0,0.49,0.38,0.13,27,2,8,448.00291206500356,356.899641982476,91.10327008252753,0.9379405223897619,73.05894026906653,521.9997928564599,198.27757887915337,
2,2,0.16,0.16,4.0,39.06,200.0,0.49,0.38,0.13,27,3,8,458.89126898502883,365.5886834155491,93.30258556947975,0.9592188531427931,73.94313814009469,533.7936259782663,203.1048241197495,
2,2,0.16,0.16,4.0,39.06,200.0,0.49,0.38,0.13,27,4,8,435.41236013575866,346.83186177864474,88.58049835711392,0.9154131778151158,72.39994447747014,508.7277177910439,192.68436765480263,
2,2,0.16,0.16,4.0,39.06,200.0,0.49,0.38,0.13,28,1,8,530.8274583868429,423.14411601091956,107.6833423759233,1.0845512264058865,77.15125868979186,609.0632683030406,235.0800644505109,
2,2,0.16,0.16,4.0,39.06,200.0,0.49,0.38,0.13,28,2,8,523.9914043022774,417.6904357722951,106.3009685299823,1.0710314458859775,76.52783081292493,601.5902665610882,232.0502420957195,
2,2,0.16,0.16,4.0,39.06,200.0,0.49,0.38,0.13,28,3,8,537.2780764265055,428.29812936873043,108.97994705777508,1.0965103335386732,77.52151227400873,615.8960990340529,237.94340520485028,
2,2,0.16,0.16,4.0,39.06,200.0,0.49,0.38,0.13,28,4,8,509.6245229717795,406.2015920474614,103.4229309243181,1.0453929286391848,75.78774521310413,586.4576611135228,225.66755113747857,
2,2,0.16,0.16,4.0,39.06,200.0,0.49,0.38,0.13,29,1,8,619.3837386845847,493.989140249113,125.39459843547166,1.2396541476405167,80.87778232550774,701.501175157733,274.43841124950717,
2,2,0.16,0.16,4.0,39.06,200.0,0.49,0.38,0.13,29,2,8,611.2268339851929,487.47877951862756,123.74805446656542,1.2238209480363225,80.19877193073411,692.6494268639633,270.82154417701526,
2,2,0.16,0.16,4.0,39.06,200.0,0.49,0.38,0.13,29,3,8,626.5830437514386,499.7421032286769,126.8409405227617,1.2529245513252523,81.27954129695634,709.1155095997202,277.63450179370943,
2,2,0.16,0.16,4.0,39.06,200.0,0.49,0.38,0.13,29,4,8,595.5182468330911,474.91657113651075,120.60167569658043,1.1958324846121542,79.40222620815776,676.1163055258611,263.8425395202837,
2,2,0.16,0.16,4.0,39.06,200.0,0.49,0.38,0.13,30,1,9,720.9663589827445,575.2552364876409,145.71112249510364,1.4175722027117008,84.69118371163566,807.0751148970918,319.58624249313385,
2,2,0.16,0.16,4.0,39.06,200.0,0.49,0.38,0.13,30,2,9,710.1351234145683,566.6054110621279,143.5297123524405,1.3970550153801338,83.91177920404968,795.4439576339981,314.78078392340433,
2,2,0.16,0.16,4.0,39.06,200.0,0.49,0.38,0.13,30,3,9,730.1681302463221,582.6101724245838,147.5579578217384,1.434349848974164,85.16811506343679,816.770595158733,323.6723180136576,
2,2,0.16,0.16,4.0,39.06,200.0,0.49,0.38,0.13,30,4,9,692.917410528886,552.8359020931466,140.0815084357394,1.3664233762376343,83.05858105266822,777.3424149577918,307.13105671841475,
2,2,0.16,0.16,4.0,39.06,200.0,0.49,0.38,0.13,31,1,9,834.5561968846761,666.1271068091861,168.42909007548994,1.6165204379122138,88.53222062125828,924.7049379438465,370.0706148939923,
2,2,0.16,0.16,4.0,39.06,200.0,0.49,0.38,0.13,31,2,9,822.2652105026658,656.309480732606,165.95572977006,1.5934465531365012,87.70345468435475,911.562111740157,364.61637818478096,
2,2,0.16,0.16,4.0,39.06,200.0,0.49,0.38,0.13,31,3,9,846.3198406753942,675.5315407678414,170.7882999075528,1.6377851054390553,89.09578161455067,937.0534073953839,375.2953004265785,
2,2,0.16,0.16,4.0,39.06,200.0,0.49,0.38,0.13,31,4,9,803.595949637032,641.3787333796635,162.21721625736862,1.5602725834981213,86.80117248223368,891.9573947027638,356.32151854425746,
2,2,0.16,0.16,4.0,39.06,200.0,0.49,0.38,0.13,32,1,9,961.9259210469546,768.022886139009,193.90303490794565,1.839603614260602,92.24102905627635,1056.0065537174914,426.67938118833825,
2,2,0.16,0.16,4.0,39.06,200.0,0.49,0.38,0.13,32,2,9,947.9999229016419,756.8972506517867,191.1026722498552,1.8136660692239959,91.3646541176342,1041.1782430885,420.49847258432595,
2,2,0.16,0.16,4.0,39.06,200.0,0.49,0.38,0.13,32,3,9,976.7115081332664,779.8448747341392,196.86663339912727,1.8661610993197084,92.8925843422357,1071.4702535748218,433.24715263007727,
2,2,0.16,0.16,4.0,39.06,200.0,0.49,0.38,0.13,32,4,9,927.2884683845923,740.3327483777117,186.95572000688068,1.7769152758979407,90.40290640995342,1019.4682900704437,411.29597132095097,
2,2,0.16,0.16,4.0,39.06,200.0,0.49,0.38,0.13,33,1,10,1103.7538616219806,881.4852385990298,222.26862302295086,2.088009800946822,95.59816430040212,1201.4400357233294,489.7140214439054,
2,2,0.16,0.16,4.0,39.06,200.0,0.49,0.38,0.13,33,2,10,1088.5837995773725,869.3643519923711,219.2194475850013,2.0598933258068453,94.69234177375061,1185.3360346769298,482.9801955513173,
2,2,0.16,0.16,4.0,39.06,200.0,0.49,0.38,0.13,33,3,10,1122.2436876615534,896.2706183567686,225.97306930478462,2.1210551181582065,96.33740069554374,1220.7021434752553,497.9281213093159,
2,2,0.16,0.16,4.0,39.06,200.0,0.49,0.38,0.13,33,4,10,1063.9670385814532,849.6756045352005,214.29143404625287,2.0163025382855433,93.63815359230865,1159.6214947120475,472.0420025195558,
2,2,0.16,0.16,4.0,39.06,200.0,0.49,0.38,0.13,34,1,10,1260.2229141994164,1006.6604806609782,253.56243353843797,2.362059332566479,98.5082122368678,1361.0931857688508,559.2558225894323,
2,2,0.16,0.16,4.0,39.06,200.0,0.49,0.38,0.13,34,2,10,1244.9442110957855,994.4526812071016,250.4915298886839,2.3337525767872997,97.60036917845991,1344.8783328510326,552.473711781723,
2,2,0.16,0.16,4.0,39.06,200.0,0.49,0.38,0.13,34,3,10,1283.4955097399563,1025.2720760194914,258.2234337204653,2.4034814867305654,99.33639969477625,1385.235390921463,569.5955977886063,
2,2,0.16,0.16,4.0,39.06,200.0,0.49,0.38,0.13,34,4,10,1216.0682651856307,971.3565858185425,244.71167936708838,2.2827019905927104,96.46696768252203,1314.8179348587453,539.642547676968,
2,2,0.16,0.16,4.0,39.06,200.0,0.49,0.38,0.13,35,1,10,1432.6708125211346,1144.6187993183528,288.05201320278167,2.664095198351969,100.71115551056519,1536.046063230052,635.8993329546404,
2,2,0.16,0.16,4.0,39.06,200.0,0.49,0.38,0.13,35,2,10,1415.580445279566,1130.9616685541257,284.61877672544,2.6326153824674488,99.78016926882071,1517.9932299308543,628.3120380856254,
2,2,0.16,0.16,4.0,39.06,200.0,0.49,0.38,0.13,35,3,10,1459.278785519508,1165.8986966431323,293.38008887637557,2.711359137936476,101.58195089473706,1563.5720955521813,647.7214981350734,
2,2,0.16,0.16,4.0,39.06,200.0,0.49,0.38,0.13,35,4,10,1382.8826839714973,1104.8081208472358,278.0745631242617,2.5748710334968834,98.59794582372552,1484.0555008287197,613.7822893595754,
2,2,0.16,0.16,4.0,39.06,200.0,0.49,0.38,0.13,36,1,11,1623.1804581608708,1297.026515830142,326.15394233072897,2.9977655203522806,101.94420947708873,1728.1224331583117,720.570286572301,
2,2,0.16,0.16,4.0,39.06,200.0,0.49,0.38,0.13,36,2,11,1603.8868581294682,1281.6067988340476,322.2800592954205,2.9624268269187684,100.99896303911348,1707.8482479955005,712.0037771300264,
2,2,0.16,0.16,4.0,39.06,200.0,0.49,0.38,0.13,36,3,11,1652.9783375695688,1320.8583382831812,332.1199992863878,3.050616458408753,102.83565120039415,1758.8646052283716,733.8101879351005,
2,2,0.16,0.16,4.0,39.06,200.0,0.49,0.38,0.13,36,4,11,1563.9360826704356,1249.6508398063868,314.28524286404945,2.8919791024361747,99.76979521050393,1666.5978569833756,694.2504665591035,
2,2,0.16,0.16,4.0,39.06,250.0,0.49,0.38,0.13,0,1,0,0.0,0.0,0.0,0.0,0.0,0.0,0.0,
2,2,0.16,0.16,4.0,39.06,250.0,0.49,0.38,0.13,0,2,0,0.0,0.0,0.0,0.0,0.0,0.0,0.0,
2,2,0.16,0.16,4.0,39.06,250.0,0.49,0.38,0.13,0,3,0,0.0,0.0,0.0,0.0,0.0,0.0,0.0,
2,2,0.16,0.16,4.0,39.06,250.0,0.49,0.38,0.13,0,4,0,0.0,0.0,0.0,0.0,0.0,0.0,0.0,
2,2,0.16,0.16,4.0,39.06,250.0,0.49,0.38,0.13,1,1,0,0.0,0.0,0.0,0.0,0.0,0.0,0.0,
2,2,0.16,0.16,4.0,39.06,250.0,0.49,0.38,0.13,1,2,0,0.0,0.0,0.0,0.0,0.0,0.0,0.0,
2,2,0.16,0.16,4.0,39.06,250.0,0.49,0.38,0.13,1,3,0,0.0,0.0,0.0,0.0,0.0,0.0,0.0,
2,2,0.16,0.16,4.0,39.06,250.0,0.49,0.38,0.13,1,4,0,0.0,0.0,0.0,0.0,0.0,0.0,0.0,
2,2,0.16,0.16,4.0,39.06,250.0,0.49,0.38,0.13,2,1,0,0.0,0.0,0.0,0.0,1.8004115226337445,1.8004115226337445,0.0,
2,2,0.16,0.16,4.0,39.06,250.0,0.49,0.38,0.13,2,2,0,0.0,0.0,0.0,0.0,1.8004115226337445,1.8004115226337445,0.0,
2,2,0.16,0.16,4.0,39.06,250.0,0.49,0.38,0.13,2,3,0,0.0,0.0,0.0,0.0,1.8004115226337445,1.8004115226337445,0.0,
2,2,0.16,0.16,4.0,39.06,250.0,0.49,0.38,0.13,2,4,0,0.0,0.0,0.0,0.0,1.8004115226337445,1.8004115226337445,0.0,
2,2,0.16,0.16,4.0,39.06,250.0,0.49,0.38,0.13,3,1,0,0.0,0.0,0.0,0.0,5.298353909465019,5.298353909465019,0.0,
2,2,0.16,0.16,4.0,39.06,250.0,0.49,0.38,0.13,3,2,0,0.0,0.0,0.0,0.0,5.298353909465019,5.298353909465019,0.0,
2,2,0.16,0.16,4.0,39.06,250.0,0.49,0.38,0.13,3,3,0,0.0,0.0,0.0,0.0,5.298353909465019,5.298353909465019,0.0,
2,2,0.16,0.16,4.0,39.06,250.0,0.49,0.38,0.13,3,4,0,0.0,0.0,0.0,0.0,5.298353909465019,5.298353909465019,0.0,
2,2,0.16,0.16,4.0,39.06,250.0,0.49,0.38,0.13,4,1,0,0.0,0.0,0.0,0.0,10.39094650205761,10.39094650205761,0.0,
2,2,0.16,0.16,4.0,39.06,250.0,0.49,0.38,0.13,4,2,0,0.0,0.0,0.0,0.0,10.39094650205761,10.39094650205761,0.0,
2,2,0.16,0.16,4.0,39.06,250.0,0.49,0.38,0.13,4,3,0,0.0,0.0,0.0,0.0,10.39094650205761,10.39094650205761,0.0,
2,2,0.16,0.16,4.0,39.06,250.0,0.49,0.38,0.13,4,4,0,0.0,0.0,0.0,0.0,10.39094650205761,10.39094650205761,0.0,
2,2,0.16,0.16,4.0,39.06,250.0,0.49,0.38,0.13,5,1,0,0.0,0.0,0.0,0.0,16.44309156378601,16.44309156378601,0.0,
2,2,0.16,0.16,4.0,39.06,250.0,0.49,0.38,0.13,5,2,0,0.0,0.0,0.0,0.0,16.44309156378601,16.44309156378601,0.0,
2,2,0.16,0.16,4.0,39.06,250.0,0.49,0.38,0.13,5,3,0,0.0,0.0,0.0,0.0,16.44309156378601,16.44309156378601,0.0,
2,2,0.16,0.16,4.0,39.06,250.0,0.49,0.38,0.13,5,4,0,0.0,0.0,0.0,0.0,16.44309156378601,16.44309156378601,0.0,
2,2,0.16,0.16,4.0,39.06,250.0,0.49,0.38,0.13,6,1,1,0.24178688229750284,0.09671475291900114,0.1450721293785017,0.0102888035020214,22.19994862397414,22.452024309773666,0.05373041828833396,
2,2,0.16,0.16,4.0,39.06,250.0,0.49,0.38,0.13,6,2,1,0.24178688229750284,0.09671475291900114,0.1450721293785017,0.0102888035020214,22.19994862397414,22.452024309773666,0.05373041828833396,
2,2,0.16,0.16,4.0,39.06,250.0,0.49,0.38,0.13,6,3,1,0.24178688229750284,0.09671475291900114,0.1450721293785017,0.0102888035020214,22.19994862397414,22.452024309773666,0.05373041828833396,
2,2,0.16,0.16,4.0,39.06,250.0,0.49,0.38,0.13,6,4,1,0.24178688229750284,0.09671475291900114,0.1450721293785017,0.0102888035020214,22.19994862397414,22.452024309773666,0.05373041828833396,
2,2,0.16,0.16,4.0,39.06,250.0,0.49,0.38,0.13,7,1,1,0.6291446689156057,0.2516578675662423,0.3774868013493634,0.026772113570876842,27.85266126761455,28.508578050101033,0.13980992642569018,
2,2,0.16,0.16,4.0,39.06,250.0,0.49,0.38,0.13,7,2,1,0.6260479213595516,0.2504191685438206,0.37562875281573094,0.026640337079129855,27.807470426823404,28.460158685262083,0.1391217603021226,
2,2,0.16,0.16,4.0,39.06,250.0,0.49,0.38,0.13,7,3,1,0.6270937741489425,0.250837509659577,0.3762562644893655,0.02668484145314649,27.82273255783048,28.47651117343257,0.13935417203309833,
2,2,0.16,0.16,4.0,39.06,250.0,0.49,0.38,0.13,7,4,1,0.6266486427384345,0.2506594570953738,0.37598918564306066,0.02666589969099721,27.81623675462428,28.469551297053712,0.13925525394187432,
2,2,0.16,0.16,4.0,39.06,250.0,0.49,0.38,0.13,8,1,1,1.1093999304642879,0.44375997218571517,0.6656399582785726,0.04720850767933141,33.43186996609525,34.58847840423887,0.24653331788095284,
2,2,0.16,0.16,4.0,39.06,250.0,0.49,0.38,0.13,8,2,1,1.1035544363986562,0.4414217745594625,0.6621326618391938,0.046959763251006655,33.35474646019034,34.505260659840005,0.24523431919970143,
2,2,0.16,0.16,4.0,39.06,250.0,0.49,0.38,0.13,8,3,1,1.1048180526092117,0.44192722104368476,0.6628908315655271,0.04701353415358349,33.3725383866434,34.524369973406195,0.2455151228020471,
2,2,0.16,0.16,4.0,39.06,250.0,0.49,0.38,0.13,8,4,1,1.1034673751041852,0.4413869500416741,0.6620804250625112,0.046956058515071716,33.35552269734345,34.50594613096271,0.24521497224537447,
2,2,0.16,0.16,4.0,39.06,250.0,0.49,0.38,0.13,9,1,2,4.327824553435975,2.9061499136226154,1.4216746398133597,0.06430561580416215,36.30103020667236,40.6931603759125,1.6145277297903418,
2,2,0.16,0.16,4.0,39.06,250.0,0.49,0.38,0.13,9,2,2,4.278827501343608,2.8707968174388645,1.4080306839047436,0.06382763908371777,36.18543796245195,40.528093102879275,1.5948871207993691,
2,2,0.16,0.16,4.0,39.06,250.0,0.49,0.38,0.13,9,3,2,4.304807090024235,2.890212249127879,1.4145948408963553,0.06401270765619033,36.22526367680614,40.59408347448656,1.6056734717377104,
2,2,0.16,0.16,4.0,39.06,250.0,0.49,0.38,0.13,9,4,2,4.310271802392835,2.894886376298194,1.4153854260946415,0.06399143714013211,36.21432376927528,40.58858700880825,1.608270209054552,
2,2,0.16,0.16,4.0,39.06,250.0,0.49,0.38,0.13,10,1,2,8.714312672713021,6.317372453336898,2.396940219376121,0.08198153632327596,38.617057528359176,47.41335173739547,3.5096513629649433,
2,2,0.16,0.16,4.0,39.06,250.0,0.49,0.38,0.13,10,2,2,8.607152267092342,6.236787696392638,2.370364570699704,0.08126918285630094,38.470755542717036,47.15917699266568,3.4648820535514657,
2,2,0.16,0.16,4.0,39.06,250.0,0.49,0.38,0.13,10,3,2,8.73243521132191,6.333427968433812,2.399007242888098,0.08185440712787377,38.56301255936424,47.37730217781402,3.51857109357434,
2,2,0.16,0.16,4.0,39.06,250.0,0.49,0.38,0.13,10,4,2,8.640657003275923,6.2624795855400714,2.378177417735851,0.08144128370225426,38.500729241251456,47.22282752822963,3.4791553253000393,
2,2,0.16,0.16,4.0,39.06,250.0,0.49,0.38,0.13,11,1,2,14.185191242443926,10.596333037247877,3.5888582051960505,0.10153370431017873,40.82450873971503,55.111233686469134,5.886851687359932,
2,2,0.16,0.16,4.0,39.06,250.0,0.49,0.38,0.13,11,2,2,13.954473767003298,10.419110085014792,3.5353636819885077,0.10037977485969436,40.62835256704073,54.68320610890372,5.788394491674884,
2,2,0.16,0.16,4.0,39.06,250.0,0.49,0.38,0.13,11,3,2,14.252852526606377,10.651134493585907,3.6017180330204708,0.10158361978184019,40.79045221727167,55.14488836365989,5.917296940881058,
2,2,0.16,0.16,4.0,39.06,250.0,0.49,0.38,0.13,11,4,2,14.019938519565768,10.469798992210304,3.550139527355464,0.10066609641099501,40.67122185007246,54.79182646604923,5.81655499567239,
2,2,0.16,0.16,4.0,39.06,250.0,0.49,0.38,0.13,12,1,3,21.15497254784084,16.088012178981863,5.066960368858974,0.12232425435814648,42.6799144853223,63.95721128752129,8.937784543878813,
2,2,0.16,0.16,4.0,39.06,250.0,0.49,0.38,0.13,12,2,3,20.771533627736318,15.790455871166051,4.981077756570269,0.12071476357803705,42.443102769311594,63.33535116062595,8.772475483981138,
2,2,0.16,0.16,4.0,39.06,250.0,0.49,0.38,0.13,12,3,3,21.432120800458442,16.307874081942437,5.124246718516008,0.12299906021176174,42.70162489556599,64.2567447562362,9.059930045523574,
2,2,0.16,0.16,4.0,39.06,250.0,0.49,0.38,0.13,12,4,3,20.945254559769275,15.926442749232116,5.018811810537156,0.12132400853520411,42.514790623340886,63.581369191645365,8.848023749573397,
2,2,0.16,0.16,4.0,39.06,250.0,0.49,0.38,0.13,13,1,3,29.841200606075272,22.953740291137088,6.887460314938187,0.14603015111389311,44.50231038831513,74.48954114550429,12.752077939520605,
2,2,0.16,0.16,4.0,39.06,250.0,0.49,0.38,0.13,13,2,3,29.17770537425655,22.43482317176626,6.742882202490291,0.1436563486018348,44.20674204380543,73.5281037666638,12.463790650981256,
2,2,0.16,0.16,4.0,39.06,250.0,0.49,0.38,0.13,13,3,3,29.977099203028967,23.06195629610577,6.915142906923202,0.14631946746256966,44.49438621009818,74.61780488058972,12.812197942280982,
2,2,0.16,0.16,4.0,39.06,250.0,0.49,0.38,0.13,13,4,3,29.464196383601383,22.659945251535454,6.804251132065931,0.14457335842448438,44.302089387948904,73.91085912997477,12.588858473075254,
2,2,0.16,0.16,4.0,39.06,250.0,0.49,0.38,0.13,14,1,3,40.44203182829102,31.347937501401017,9.094094326890001,0.17341718579386234,46.4077924397411,87.02324145382599,17.41552083411168,
2,2,0.16,0.16,4.0,39.06,250.0,0.49,0.38,0.13,14,2,3,39.32068600084622,30.466474454078064,8.854211546768157,0.1698605354580996,46.02992620048029,85.52047273678461,16.92581914115448,
2,2,0.16,0.16,4.0,39.06,250.0,0.49,0.38,0.13,14,3,3,40.49460663931015,31.390174124491153,9.104432514818994,0.1734912368140735,46.38489094746009,87.05298882358431,17.438985624717304,
2,2,0.16,0.16,4.0,39.06,250.0,0.49,0.38,0.13,14,4,3,39.8155074886133,30.856561628010834,8.958945860602471,0.17131576289008982,46.16272060694155,86.14954385844493,17.1425342377838,
2,2,0.16,0.16,4.0,39.06,250.0,0.49,0.38,0.13,15,1,4,53.13044383263234,41.41719841608207,11.71324541655027,0.2039506103272911,48.238656356206185,101.57305079916581,23.00955467560115,
2,2,0.16,0.16,4.0,39.06,250.0,0.49,0.38,0.13,15,2,4,51.459207295479445,40.09935349301963,11.359853802459822,0.1990707016924787,47.78144409176433,99.43972208893625,22.277418607233123,
2,2,0.16,0.16,4.0,39.06,250.0,0.49,0.38,0.13,15,3,4,53.427598032550364,41.65352817551849,11.774069857031895,0.2046132177650289,48.251046244571775,101.88325749488718,23.14084898639916,
2,2,0.16,0.16,4.0,39.06,250.0,0.49,0.38,0.13,15,4,4,52.1004964307904,40.60567435783303,11.494822072957367,0.2008783892165072,47.93537292629475,100.23674774630166,22.558707976573906,
2,2,0.16,0.16,4.0,39.06,250.0,0.49,0.38,0.13,16,1,4,68.42765111833131,53.57300815438609,14.854642963945235,0.2391029565827717,50.14136027942237,118.80811435433645,29.76278230799227,
2,2,0.16,0.16,4.0,39.06,250.0,0.49,0.38,0.13,16,2,4,66.3640412907723,51.94336677230409,14.420674518468223,0.23332139044223588,49.6353436688618,116.23270635007634,28.857425984613375,
2,2,0.16,0.16,4.0,39.06,250.0,0.49,0.38,0.13,16,3,4,69.1931930748053,54.181538691788546,15.011654383016749,0.2408418996086188,50.21200937846223,119.64604435287615,30.10085482877141,
2,2,0.16,0.16,4.0,39.06,250.0,0.49,0.38,0.13,16,4,4,67.30056721694255,52.68429531356496,14.616271903377603,0.23580751983515014,49.825994774964684,117.36236951174239,29.26905295198053,
2,2,0.16,0.16,4.0,39.06,250.0,0.49,0.38,0.13,17,1,4,86.9614696696449,68.31472303887044,18.646746630774444,0.28026927206747443,52.21697042658053,139.4587093682929,37.95262391048358,
2,2,0.16,0.16,4.0,39.06,250.0,0.49,0.38,0.13,17,2,4,84.43112547733242,66.3138432682752,18.117282209057212,0.27345102079625183,51.65868403789369,136.36326053602238,36.841024037930666,
2,2,0.16,0.16,4.0,39.06,250.0,0.49,0.38,0.13,17,3,4,88.13073086481285,69.24437002044927,18.886360844363576,0.28290493443376974,52.33283221323337,140.74646801248,38.46909445580515,
2,2,0.16,0.16,4.0,39.06,250.0,0.49,0.38,0.13,17,4,4,85.07006658716016,66.81807420162937,18.251992385530794,0.2752761708880525,51.816008495053154,137.16135125310137,37.12115233423853,
2,2,0.16,0.16,4.0,39.06,250.0,0.49,0.38,0.13,18,1,5,109.65834410495971,86.38743305008384,23.270911054875867,0.3286708747514583,54.412898022156064,164.39991300186722,47.993018361157695,
2,2,0.16,0.16,4.0,39.06,250.0,0.49,0.38,0.13,18,2,5,106.69213557102067,84.03949008041705,22.652645490603607,0.32092313282513907,53.81244166251428,160.8255003663601,46.688605600231696,
2,2,0.16,0.16,4.0,39.06,250.0,0.49,0.38,0.13,18,3,5,110.97343480265494,87.43319885312269,23.540235949532246,0.3316175218597736,54.542868845265055,165.84792116977977,48.57399936284595,
2,2,0.16,0.16,4.0,39.06,250.0,0.49,0.38,0.13,18,4,5,106.92587163719138,84.2210707180239,22.7048009191675,0.32188417391441926,53.93056244254328,161.17831825364908,46.789483732235496,
2,2,0.16,0.16,4.0,39.06,250.0,0.49,0.38,0.13,19,1,5,136.94072927571003,108.12896309888728,28.811766176822715,0.3850618536399675,56.78760498480358,194.11339611415357,60.071646166048495,
2,2,0.16,0.16,4.0,39.06,250.0,0.49,0.38,0.13,19,2,5,133.0488795338914,105.04336995642329,28.005509577468114,0.37540086939684997,56.10657918053634,189.53085958382462,58.357427753568494,
2,2,0.16,0.16,4.0,39.06,250.0,0.49,0.38,0.13,19,3,5,138.83091089323995,109.63302301500042,29.197887878239506,0.38919717760759714,56.967632736694256,196.1877408075418,60.907235008333565,
2,2,0.16,0.16,4.0,39.06,250.0,0.49,0.38,0.13,19,4,5,133.6367553100432,105.50716709005275,28.129588219990488,0.3770938950536135,56.25552490603029,190.2693741111271,58.61509282780707,
2,2,0.16,0.16,4.0,39.06,250.0,0.49,0.38,0.13,20,1,5,170.24779888201735,134.68922004805844,35.558578833958904,0.45210894627352316,59.471140352161385,230.17104818045226,74.82734447114358,
2,2,0.16,0.16,4.0,39.06,250.0,0.49,0.38,0.13,20,2,5,164.82455658976076,130.38243932858896,34.4421172611718,0.43936527059578867,58.66673095038816,223.93065281074473,72.43468851588275,
2,2,0.16,0.16,4.0,39.06,250.0,0.49,0.38,0.13,20,3,5,171.69345031175757,135.83879558145895,35.8546547302986,0.455349431486755,59.615352510098816,231.76415225334313,75.46599754525496,
2,2,0.16,0.16,4.0,39.06,250.0,0.49,0.38,0.13,20,4,5,165.9468900916574,131.2724323026824,34.674457788975026,0.4421341590369489,58.85873769044588,225.24776194114023,72.92912905704577,
2,2,0.16,0.16,4.0,39.06,250.0,0.49,0.38,0.13,21,1,6,210.338750971531,166.68256028627644,43.656190685254565,0.5304280376304966,62.36863303351332,273.2378120426748,92.60142238126467,
2,2,0.16,0.16,4.0,39.06,250.0,0.49,0.38,0.13,21,2,6,203.79412581157877,161.48089476727932,42.31323104429942,0.5154937009012335,61.48317794729522,265.7927974597752,89.71160820404408,
2,2,0.16,0.16,4.0,39.06,250.0,0.49,0.38,0.13,21,3,6,212.19463532038432,168.15950947068927,44.03512584969508,0.5344699273451212,62.54249394806112,275.2715991957906,93.42194970593846,
2,2,0.16,0.16,4.0,39.06,250.0,0.49,0.38,0.13,21,4,6,204.4321844436795,161.98442720924058,42.44775723443892,0.5173165412743721,61.64018469813184,266.5896856830857,89.99134844957811,
2,2,0.16,0.16,4.0,39.06,250.0,0.49,0.38,0.13,22,1,6,258.590277768262,205.21240313075614,53.377874637505826,0.6222196574176755,65.58542505192796,324.7979224776077,114.00689062819787,
2,2,0.16,0.16,4.0,39.06,250.0,0.49,0.38,0.13,22,2,6,250.7484262924668,198.97487554891268,51.77355074355419,0.6048175333940661,64.61348757777506,315.9667314036359,110.54159752717368,
2,2,0.16,0.16,4.0,39.06,250.0,0.49,0.38,0.13,22,3,6,261.26679504661695,207.34464469461852,53.92215035199844,0.6278226837605145,65.81399522922696,327.70861295960447,115.19146927478805,
2,2,0.16,0.16,4.0,39.06,250.0,0.49,0.38,0.13,22,4,6,250.86770985311034,199.06415535884665,51.80355449426374,0.6056534784858414,64.73590907048616,316.2092724020823,110.59119742158146,
2,2,0.16,0.16,4.0,39.06,250.0,0.49,0.38,0.13,23,1,6,316.12929249813016,251.18568859468573,64.94360390344441,0.7289057653318507,69.20151127167696,386.05970953513895,139.54760477482537,
2,2,0.16,0.16,4.0,39.06,250.0,0.49,0.38,0.13,23,2,6,306.71356740321403,243.69064658518494,63.02292081802913,0.7085854396052559,68.13066242873458,375.55281527155387,135.38369254732496,
2,2,0.16,0.16,4.0,39.06,250.0,0.49,0.38,0.13,23,3,6,319.0426788646287,253.5071869655674,65.53549189906143,0.7349479830862542,69.44496767964124,389.22259452735625,140.83732609198185,
2,2,0.16,0.16,4.0,39.06,250.0,0.49,0.38,0.13,23,4,6,305.7087860396715,242.8818060869731,62.82697995269845,0.7073371969095403,68.18244114625158,374.5985643828326,134.93433671498505,
2,2,0.16,0.16,4.0,39.06,250.0,0.49,0.38,0.13,24,1,7,385.1237843681726,306.3466303106508,78.77715405752178,0.8532815974323833,73.18036303312707,459.15742899873203,170.19257239480598,
2,2,0.16,0.16,4.0,39.06,250.0,0.49,0.38,0.13,24,2,7,373.51704911150387,297.099880584262,76.41716852724194,0.8290115547845884,71.9831605581025,446.32922122439095,165.0554892134788,
2,2,0.16,0.16,4.0,39.06,250.0,0.49,0.38,0.13,24,3,7,388.64579674633666,309.154723814656,79.49107293168063,0.8604209805486465,73.45891836874401,462.9651360956293,171.75262434147558,
2,2,0.16,0.16,4.0,39.06,250.0,0.49,0.38,0.13,24,4,7,371.57594235983703,295.54245003543,76.03349232440705,0.8260754056182493,71.98094221268227,444.3829599781376,164.19025001968333,
2,2,0.16,0.16,4.0,39.06,250.0,0.49,0.38,0.13,25,1,7,467.7489688791275,372.4467779194147,95.30219095971276,0.997996432361219,77.650711990152,546.3976773016408,206.91487662189706,
2,2,0.16,0.16,4.0,39.06,250.0,0.49,0.38,0.13,25,2,7,453.4923541843131,361.0801246425094,92.4122295418038,0.9690852277270118,76.31014056711636,530.7715799791565,200.60006924583848,
2,2,0.16,0.16,4.0,39.06,250.0,0.49,0.38,0.13,25,3,7,471.83809277832916,375.70856064025,96.12953213807914,1.0061290895093522,77.95995029987172,550.8041721677102,208.72697813347224,
2,2,0.16,0.16,4.0,39.06,250.0,0.49,0.38,0.13,25,4,7,450.30784335428774,358.52797083099057,91.77987252329719,0.9639713041083127,76.24064914802314,527.5124638064192,199.182206017217,
2,2,0.16,0.16,4.0,39.06,250.0,0.49,0.38,0.13,26,1,7,565.1056926287198,450.3321569190886,114.77353570963123,1.168512992052127,82.68033159262457,648.9545372133965,250.1845316217159,
2,2,0.16,0.16,4.0,39.06,250.0,0.49,0.38,0.13,26,2,7,547.8824452483653,436.5921974937512,111.29024775461424,1.1344058442932723,81.18649870665283,630.2033497993115,242.55122082986176,
2,2,0.16,0.16,4.0,39.06,250.0,0.49,0.38,0.13,26,3,7,571.8535744126459,455.72094594770346,116.1326284649425,1.1813023614446077,83.12692601150869,656.1618027855992,253.1783033042797,
2,2,0.16,0.16,4.0,39.06,250.0,0.49,0.38,0.13,26,4,7,543.840274014032,433.35391535878614,110.48635865524608,1.1277897614410533,81.07269904242116,626.0407628178942,240.7521751993256,
2,2,0.16,0.16,4.0,39.06,250.0,0.49,0.38,0.13,27,1,8,681.4589453584018,543.4147591028343,138.04418625556764,1.3723012421101537,88.27467275678583,771.1059193572978,301.89708839046347,
2,2,0.16,0.16,4.0,39.06,250.0,0.49,0.38,0.13,27,2,8,660.4659733000075,526.6590199350649,133.80695336494267,1.3315915664690479,86.59958902093102,748.3971538874075,292.5883444083693,
2,2,0.16,0.16,4.0,39.06,250.0,0.49,0.38,0.13,27,3,8,690.7319139736442,550.8236175965021,139.90829637714216,1.389513204034654,88.84267501663794,780.9641021943168,306.0131208869456,
2,2,0.16,0.16,4.0,39.06,250.0,0.49,0.38,0.13,27,4,8,654.8480350703356,522.1601242038288,132.68791086650674,1.3222155882899203,86.41002543983123,742.5802760984568,290.08895789101604,
2,2,0.16,0.16,4.0,39.06,250.0,0.49,0.38,0.13,28,1,8,817.8241026037782,652.5068848991355,165.31721770464293,1.6111395737594214,94.49977067033831,913.9350128478759,362.5038249439641,
2,2,0.16,0.16,4.0,39.06,250.0,0.49,0.38,0.13,28,2,8,792.8090691263691,632.5334965961541,160.275572530215,1.5633854121329416,92.64107899053755,887.0135335290395,351.40749810897455,
2,2,0.16,0.16,4.0,39.06,250.0,0.49,0.38,0.13,28,3,8,830.9319439048338,662.9836415414538,167.9483023633801,1.6350681677977903,95.24283566936387,927.8098477419956,368.32424530080766,
2,2,0.16,0.16,4.0,39.06,250.0,0.49,0.38,0.13,28,4,8,785.2888179212337,626.5127504845474,158.7760674366864,1.550677605893682,92.36467442473392,879.2041699518613,348.0626391580818,
2,2,0.16,0.16,4.0,39.06,250.0,0.49,0.38,0.13,29,1,8,977.1408182559418,779.9602574208664,197.18056083507565,1.8901766778030475,101.20395364241321,1080.234948576158,433.3112541227034,
2,2,0.16,0.16,4.0,39.06,250.0,0.49,0.38,0.13,29,2,8,946.8858461238154,755.7949181941113,191.0909279297043,1.8332449650226081,99.12476088487011,1047.843851973708,419.8860656633951,
2,2,0.16,0.16,4.0,39.06,250.0,0.49,0.38,0.13,29,3,8,994.037903467859,793.4684091918738,200.56949427598508,1.920741986909722,102.10647324982838,1098.0651187045971,440.81578288437436,
2,2,0.16,0.16,4.0,39.06,250.0,0.49,0.38,0.13,29,4,8,936.9692055177459,747.8570605617571,189.1121449559888,1.81633997485409,98.74751421376423,1037.5330597063642,415.47614475653165,
2,2,0.16,0.16,4.0,39.06,250.0,0.49,0.38,0.13,30,1,9,1160.6481822067315,926.766148581498,233.88203362523356,2.211582772561521,108.09280169536403,1270.952566674657,514.8700825452765,
2,2,0.16,0.16,4.0,39.06,250.0,0.49,0.38,0.13,30,2,9,1125.779375500604,898.9097416955422,226.869633805062,2.146570105859859,105.84040605027758,1233.7663516567413,499.3943009419678,
2,2,0.16,0.16,4.0,39.06,250.0,0.49,0.38,0.13,30,3,9,1184.2703911872986,945.6543993674255,238.61599181987302,2.253926877465343,109.24778177511176,1295.7720998398756,525.3635552041253,
2,2,0.16,0.16,4.0,39.06,250.0,0.49,0.38,0.13,30,4,9,1112.515629757096,888.2941999532369,224.22142980385877,2.123802789690851,105.33750938773458,1219.9769419345214,493.49677775179833,
2,2,0.16,0.16,4.0,39.06,250.0,0.49,0.38,0.13,31,1,9,1371.0307860444495,1095.0722316516726,275.9585543927772,2.580059817018074,115.20688303757754,1488.817728899045,608.3734620287067,
2,2,0.16,0.16,4.0,39.06,250.0,0.49,0.38,0.13,31,2,9,1329.8634676573085,1062.177015420906,267.6864522364029,2.504015549193703,112.74150341179954,1445.108986618302,590.0983419005032,
2,2,0.16,0.16,4.0,39.06,250.0,0.49,0.38,0.13,31,3,9,1402.8384251019124,1120.5088264991168,282.32959860279584,2.636740388090301,116.63865318611326,1522.1138186761161,622.5049036106203,
2,2,0.16,0.16,4.0,39.06,250.0,0.49,0.38,0.13,31,4,9,1312.9890329942236,1048.6729225429394,264.3161104512844,2.4749242501607687,112.11651141339355,1427.5804686577778,582.5960680794108,
2,2,0.16,0.16,4.0,39.06,250.0,0.49,0.38,0.13,32,1,9,1612.3473750034138,1288.1255028188439,324.22187218457003,3.002716547450622,122.23364710201488,1737.5837386528792,715.6252793438022,
2,2,0.16,0.16,4.0,39.06,250.0,0.49,0.38,0.13,32,2,9,1560.202879261111,1246.4485447039478,313.75433455716336,2.907446175402227,119.44862913019129,1682.5589545667044,692.4714137244155,
2,2,0.16,0.16,4.0,39.06,250.0,0.49,0.38,0.13,32,3,9,1653.8602927813422,1321.3263206426607,332.5339721386818,3.07639554117429,123.94801988488467,1780.884708207401,734.0701781348114,
2,2,0.16,0.16,4.0,39.06,250.0,0.49,0.38,0.13,32,4,9,1540.4102618033035,1230.6099055902032,309.8003562131003,2.873243791366216,118.73866418365986,1662.0221697783295,683.672169772335,
2,2,0.16,0.16,4.0,39.06,250.0,0.49,0.38,0.13,33,1,10,1886.7263890994222,1507.6287140956508,379.09767500377177,3.4832808447391344,128.72832970641272,2018.937999650574,837.5715078309172,
2,2,0.16,0.16,4.0,39.06,250.0,0.49,0.38,0.13,33,2,10,1817.7990760753353,1452.5255021553276,365.2735739200083,3.358616013278037,125.54605441586922,1946.7037465044825,806.9586123085152,
2,2,0.16,0.16,4.0,39.06,250.0,0.49,0.38,0.13,33,3,10,1932.0279727813422,1543.8604646426606,388.1675081386818,3.5635955411742897,130.53238202480236,2066.123950347319,857.7002581348112,
2,2,0.16,0.16,4.0,39.06,250.0,0.49,0.38,0.13,33,4,10,1794.263390078857,1433.6924082106461,360.57098186821105,3.317857788563337,124.74748924528178,1922.328737112702,796.4957823392476,
2,2,0.16,0.16,4.0,39.06,250.0,0.49,0.38,0.13,34,1,10,2160.5476990994225,1726.685762095651,433.8619370037718,3.9628683447391335,133.8209222990053,2298.331489743167,959.2698678309171,
2,2,0.16,0.16,4.0,39.06,250.0,0.49,0.38,0.13,34,2,10,2091.6203860753353,1671.5825501553275,420.03783592000826,3.838203513278037,130.63864700846182,2226.097236597075,928.6569723085152,
2,2,0.16,0.16,4.0,39.06,250.0,0.49,0.38,0.13,34,3,10,2205.8492827813425,1762.9175126426605,442.93177013868177,4.04318304117429,135.62497461739494,2345.5174404399118,979.3986181348112,
2,2,0.16,0.16,4.0,39.06,250.0,0.49,0.38,0.13,34,4,10,2068.0847000788567,1652.749456210646,415.335243868211,3.797445288563337,129.84008183787438,2201.7222272052945,918.1941423392476,
2,2,0.16,0.16,4.0,39.06,250.0,0.49,0.38,0.13,35,1,10,2434.369009099423,1945.7428100956506,488.6261990037717,4.442455844739133,137.3188646858366,2576.1303296299984,1080.9682278309172,
2,2,0.16,0.16,4.0,39.06,250.0,0.49,0.38,0.13,35,2,10,2365.441696075335,1890.6395981553273,474.80209792000824,4.317791013278036,134.1365893952931,2503.896076483906,1050.3553323085152,
2,2,0.16,0.16,4.0,39.06,250.0,0.49,0.38,0.13,35,3,10,2479.6705927813423,1981.9745606426607,497.6960321386818,4.52277054117429,139.12291700422622,2623.316280326743,1101.0969781348113,
2,2,0.16,0.16,4.0,39.06,250.0,0.49,0.38,0.13,35,4,10,2341.906010078857,1871.806504210646,470.099505868211,4.277032788563337,133.33802422470566,2479.521067092126,1039.8925023392478,
2,2,0.16,0.16,4.0,39.06,250.0,0.49,0.38,0.13,36,1,11,2712.5366890994233,2168.276954095651,544.2597350037719,4.929655844739132,139.11927620847032,2856.5856211526325,1204.598307830917,
2,2,0.16,0.16,4.0,39.06,250.0,0.49,0.38,0.13,36,2,11,2643.609376075335,2113.173742155327,530.4356339200083,4.804991013278036,135.93700091792684,2784.3513680065403,1173.9854123085152,
2,2,0.16,0.16,4.0,39.06,250.0,0.49,0.38,0.13,36,3,11,2757.8382727813423,2204.5087046426606,553.3295681386818,5.009970541174289,140.92332852685996,2903.771571849377,1224.7270581348112,
2,2,0.16,0.16,4.0,39.06,250.0,0.49,0.38,0.13,36,4,11,2620.073690078857,2094.3406482106457,525.733041868211,4.764232788563335,135.1384357473394,2759.9763586147596,1163.5225823392475,
2,2,0.16,0.16,4.0,39.06,400.0,0.49,0.38,0.13,0,1,0,0.0,0.0,0.0,0.0,0.0,0.0,0.0,
2,2,0.16,0.16,4.0,39.06,400.0,0.49,0.38,0.13,0,2,0,0.0,0.0,0.0,0.0,0.0,0.0,0.0,
2,2,0.16,0.16,4.0,39.06,400.0,0.49,0.38,0.13,0,3,0,0.0,0.0,0.0,0.0,0.0,0.0,0.0,
2,2,0.16,0.16,4.0,39.06,400.0,0.49,0.38,0.13,0,4,0,0.0,0.0,0.0,0.0,0.0,0.0,0.0,
2,2,0.16,0.16,4.0,39.06,400.0,0.49,0.38,0.13,1,1,0,0.0,0.0,0.0,0.0,0.0,0.0,0.0,
2,2,0.16,0.16,4.0,39.06,400.0,0.49,0.38,0.13,1,2,0,0.0,0.0,0.0,0.0,0.0,0.0,0.0,
2,2,0.16,0.16,4.0,39.06,400.0,0.49,0.38,0.13,1,3,0,0.0,0.0,0.0,0.0,0.0,0.0,0.0,
2,2,0.16,0.16,4.0,39.06,400.0,0.49,0.38,0.13,1,4,0,0.0,0.0,0.0,0.0,0.0,0.0,0.0,
2,2,0.16,0.16,4.0,39.06,400.0,0.49,0.38,0.13,2,1,0,0.0,0.0,0.0,0.0,1.8004115226337445,1.8004115226337445,0.0,
2,2,0.16,0.16,4.0,39.06,400.0,0.49,0.38,0.13,2,2,0,0.0,0.0,0.0,0.0,1.8004115226337445,1.8004115226337445,0.0,
2,2,0.16,0.16,4.0,39.06,400.0,0.49,0.38,0.13,2,3,0,0.0,0.0,0.0,0.0,1.8004115226337445,1.8004115226337445,0.0,
2,2,0.16,0.16,4.0,39.06,400.0,0.49,0.38,0.13,2,4,0,0.0,0.0,0.0,0.0,1.8004115226337445,1.8004115226337445,0.0,
2,2,0.16,0.16,4.0,39.06,400.0,0.49,0.38,0.13,3,1,0,0.0,0.0,0.0,0.0,5.298353909465019,5.298353909465019,0.0,
2,2,0.16,0.16,4.0,39.06,400.0,0.49,0.38,0.13,3,2,0,0.0,0.0,0.0,0.0,5.298353909465019,5.298353909465019,0.0,
2,2,0.16,0.16,4.0,39.06,400.0,0.49,0.38,0.13,3,3,0,0.0,0.0,0.0,0.0,5.298353909465019,5.298353909465019,0.0,
2,2,0.16,0.16,4.0,39.06,400.0,0.49,0.38,0.13,3,4,0,0.0,0.0,0.0,0.0,5.298353909465019,5.298353909465019,0.0,
2,2,0.16,0.16,4.0,39.06,400.0,0.49,0.38,0.13,4,1,0,0.0,0.0,0.0,0.0,10.39094650205761,10.39094650205761,0.0,
2,2,0.16,0.16,4.0,39.06,400.0,0.49,0.38,0.13,4,2,0,0.0,0.0,0.0,0.0,10.39094650205761,10.39094650205761,0.0,
2,2,0.16,0.16,4.0,39.06,400.0,0.49,0.38,0.13,4,3,0,0.0,0.0,0.0,0.0,10.39094650205761,10.39094650205761,0.0,
2,2,0.16,0.16,4.0,39.06,400.0,0.49,0.38,0.13,4,4,0,0.0,0.0,0.0,0.0,10.39094650205761,10.39094650205761,0.0,
2,2,0.16,0.16,4.0,39.06,400.0,0.49,0.38,0.13,5,1,0,0.0,0.0,0.0,0.0,16.44309156378601,16.44309156378601,0.0,
2,2,0.16,0.16,4.0,39.06,400.0,0.49,0.38,0.13,5,2,0,0.0,0.0,0.0,0.0,16.44309156378601,16.44309156378601,0.0,
2,2,0.16,0.16,4.0,39.06,400.0,0.49,0.38,0.13,5,3,0,0.0,0.0,0.0,0.0,16.44309156378601,16.44309156378601,0.0,
2,2,0.16,0.16,4.0,39.06,400.0,0.49,0.38,0.13,5,4,0,0.0,0.0,0.0,0.0,16.44309156378601,16.44309156378601,0.0,
2,2,0.16,0.16,4.0,39.06,400.0,0.49,0.38,0.13,6,1,1,0.24178688229750284,0.09671475291900114,0.1450721293785017,0.0102888035020214,22.19994862397414,22.452024309773666,0.05373041828833396,
2,2,0.16,0.16,4.0,39.06,400.0,0.49,0.38,0.13,6,2,1,0.24178688229750284,0.09671475291900114,0.1450721293785017,0.0102888035020214,22.19994862397414,22.452024309773666,0.05373041828833396,
2,2,0.16,0.16,4.0,39.06,400.0,0.49,0.38,0.13,6,3,1,0.24178688229750284,0.09671475291900114,0.1450721293785017,0.0102888035020214,22.19994862397414,22.452024309773666,0.05373041828833396,
2,2,0.16,0.16,4.0,39.06,400.0,0.49,0.38,0.13,6,4,1,0.24178688229750284,0.09671475291900114,0.1450721293785017,0.0102888035020214,22.19994862397414,22.452024309773666,0.05373041828833396,
2,2,0.16,0.16,4.0,39.06,400.0,0.49,0.38,0.13,7,1,1,0.6308250966808358,0.25233003867233433,0.3784950580085015,0.026843621135354715,27.877183752003397,28.534852469819587,0.1401833548179635,
2,2,0.16,0.16,4.0,39.06,400.0,0.49,0.38,0.13,7,2,1,0.6272862888492711,0.25091451553970845,0.3763717733095626,0.02669303356805409,27.825541925082742,28.479521247500067,0.1393969530776158,
2,2,0.16,0.16,4.0,39.06,400.0,0.49,0.38,0.13,7,3,1,0.6285963047841555,0.2514385219136622,0.3771577828704933,0.026748778926985343,27.84465898918811,28.50000407289925,0.13968806772981235,
2,2,0.16,0.16,4.0,39.06,400.0,0.49,0.38,0.13,7,4,1,0.6280544967881163,0.2512217987152465,0.37683269807286973,0.026725723267579413,27.83675238445357,28.491532604509263,0.13956766595291475,
2,2,0.16,0.16,4.0,39.06,400.0,0.49,0.38,0.13,8,1,1,1.1159829242207149,0.446393169688286,0.669589754532429,0.047488635073221916,33.513346410207006,34.676817969500945,0.24799620538238112,
2,2,0.16,0.16,4.0,39.06,400.0,0.49,0.38,0.13,8,2,1,1.1088003726293738,0.4435201490517496,0.6652802235776243,0.04718299457997337,33.41937457983356,34.5753579470429,0.24640008280652753,
2,2,0.16,0.16,4.0,39.06,400.0,0.49,0.38,0.13,8,3,1,1.110627179514422,0.44425087180576883,0.6663763077086531,0.0472607310431669,33.44449529407105,34.60238320462864,0.24680603989209376,
2,2,0.16,0.16,4.0,39.06,400.0,0.49,0.38,0.13,8,4,1,1.109012320217768,0.4436049280871072,0.6654073921306607,0.047192013626288,33.42412286620112,34.580327200045176,0.24644718227061513,
2,2,0.16,0.16,4.0,39.06,400.0,0.49,0.38,0.13,9,1,2,4.386069614556262,2.9483093296740437,1.4377602848822182,0.06486018552780859,36.42856233547172,40.879492135555786,1.6379496275966912,
2,2,0.16,0.16,4.0,39.06,400.0,0.49,0.38,0.13,9,2,2,4.324016418196843,2.9034552345724745,1.4205611836243695,0.06426305790766476,36.28567443876578,40.67395391487029,1.6130306858735968,
2,2,0.16,0.16,4.0,39.06,400.0,0.49,0.38,0.13,9,3,2,4.364545039036107,2.9337963936610962,1.4307486453750102,0.06454638846589457,36.345297034775825,40.77438846227783,1.6298868853672757,
2,2,0.16,0.16,4.0,39.06,400.0,0.49,0.38,0.13,9,4,2,4.363221902278019,2.933373644433158,1.4298482578448608,0.06447922075496457,36.32518467162916,40.75288579466214,1.6296520246850879,
2,2,0.16,0.16,4.0,39.06,400.0,0.49,0.38,0.13,10,1,2,9.090833464058544,6.607044073973369,2.483789390085176,0.0838186392164301,38.91263645609823,48.0872885593732,3.6705800410963154,
2,2,0.16,0.16,4.0,39.06,400.0,0.49,0.38,0.13,10,2,2,8.938644030816489,6.492094094752603,2.446549936063887,0.0828582959860518,38.72215741549364,47.74365974229618,3.6067189415292242,
2,2,0.16,0.16,4.0,39.06,400.0,0.49,0.38,0.13,10,3,2,8.96914977062162,6.514640800336095,2.454508970285525,0.08310123805040803,38.77648801807162,47.82873902674365,3.6192448890756084,
2,2,0.16,0.16,4.0,39.06,400.0,0.49,0.38,0.13,10,4,2,9.018095394209055,6.553310355400641,2.4647850388084143,0.0832366348029624,38.78291712026619,47.884249149278205,3.6407279752225783,
2,2,0.16,0.16,4.0,39.06,400.0,0.49,0.38,0.13,11,1,2,15.444718208633203,11.576633881207114,3.868084327426091,0.10652654989510801,41.47637286469424,57.027617623222554,6.431463267337286,
2,2,0.16,0.16,4.0,39.06,400.0,0.49,0.38,0.13,11,2,2,14.975053820416168,11.213375919748739,3.76167790066743,0.10443159481542841,41.157795482113634,56.23728089734523,6.2296532887493,
2,2,0.16,0.16,4.0,39.06,400.0,0.49,0.38,0.13,11,3,2,15.23235223173317,11.413304903105377,3.819047328627792,0.10548506271308178,41.3036349257442,56.64147222019045,6.340724946169653,
2,2,0.16,0.16,4.0,39.06,400.0,0.49,0.38,0.13,11,4,2,15.313504318657166,11.477164230782826,3.8363400878743406,0.10573556093853383,41.32305905160812,56.74229893120382,6.376202350434904,
2,2,0.16,0.16,4.0,39.06,400.0,0.49,0.38,0.13,12,1,3,23.831166113425496,18.18454294089658,5.646623172528917,0.1315429538896275,43.70890541427925,67.67161448159437,10.102523856053656,
2,2,0.16,0.16,4.0,39.06,400.0,0.49,0.38,0.13,12,2,3,23.156094889739226,17.659439379915234,5.496655509823996,0.1288352792846292,43.335647259660426,66.62057742868429,9.810799655508463,
2,2,0.16,0.16,4.0,39.06,400.0,0.49,0.38,0.13,12,3,3,23.53550687910849,17.95558495316585,5.579921925942637,0.1302530065965724,43.51399421312625,67.17975409883131,9.97532497398103,
2,2,0.16,0.16,4.0,39.06,400.0,0.49,0.38,0.13,12,4,3,23.638393263133516,18.03656932118819,5.6018239419453275,0.13056833727111242,43.53920416467839,67.30816576508302,10.020316289548994,
2,2,0.16,0.16,4.0,39.06,400.0,0.49,0.38,0.13,13,1,3,34.96939710677652,26.98837184546169,7.981025261314839,0.16194069986173887,46.045738662587546,81.1770764692258,14.993539914145384,
2,2,0.16,0.16,4.0,39.06,400.0,0.49,0.38,0.13,13,2,3,33.92106551296682,26.16823755317453,7.75282795979229,0.15821434698375075,45.594169397012145,79.67344925696271,14.537909751763626,
2,2,0.16,0.16,4.0,39.06,400.0,0.49,0.38,0.13,13,3,3,34.828705872107946,26.88190294557641,7.94680292653154,0.16107368129856298,45.88334019835107,80.87311975175757,14.934390525320227,
2,2,0.16,0.16,4.0,39.06,400.0,0.49,0.38,0.13,13,4,3,34.905445864814396,26.942220804188228,7.963225060626165,0.16131765491812144,45.903064560980425,80.96982808071294,14.96790044677124,
2,2,0.16,0.16,4.0,39.06,400.0,0.49,0.38,0.13,14,1,3,49.412885265938,38.425351217233256,10.987534048704758,0.19925516160750378,48.64193200538781,98.25407243293331,21.347417342907356,
2,2,0.16,0.16,4.0,39.06,400.0,0.49,0.38,0.13,14,2,3,48.130392273890806,37.41979778991474,10.710594483976074,0.19492385745731727,48.148272611960614,96.47358874330874,20.78877654995263,
2,2,0.16,0.16,4.0,39.06,400.0,0.49,0.38,0.13,14,3,3,49.03678696510286,38.132476808509146,10.904310156593736,0.19777997361403815,48.4372195065293,97.6717864452462,21.184709338060635,
2,2,0.16,0.16,4.0,39.06,400.0,0.49,0.38,0.13,14,4,3,49.487676269921636,38.489062294264535,10.998613975657102,0.19899055447141703,48.52419659527406,98.2108634196671,21.382812385702522,
2,2,0.16,0.16,4.0,39.06,400.0,0.49,0.38,0.13,15,1,4,68.42135474938692,53.51007882161055,14.911275927776384,0.24499718734486875,51.384743388921606,120.05109532565339,29.72782156756141,
2,2,0.16,0.16,4.0,39.06,400.0,0.49,0.38,0.13,15,2,4,66.67591814082354,52.13714293052173,14.53877521030181,0.2395518545854841,50.824283929217614,117.73975392462664,28.965079405845408,
2,2,0.16,0.16,4.0,39.06,400.0,0.49,0.38,0.13,15,3,4,68.16153830003405,53.30948328133872,14.852055018695332,0.2438018202726993,51.196809683654116,119.60214980396086,29.61637960074373,
2,2,0.16,0.16,4.0,39.06,400.0,0.49,0.38,0.13,15,4,4,68.51436040644425,53.58824466998806,14.926115736456202,0.24477641199284117,51.26963624710906,120.02877306554616,29.771247038882258,
2,2,0.16,0.16,4.0,39.06,400.0,0.49,0.38,0.13,16,1,4,93.43712034364643,73.38866720330257,20.048453140343874,0.3024823764772306,54.49626527978021,148.23586799990386,40.77148177961254,
2,2,0.16,0.16,4.0,39.06,400.0,0.49,0.38,0.13,16,2,4,90.80730198560116,71.31296406313683,19.494337922464343,0.29500477123181645,53.825804262737506,144.92811101957048,39.618313368409346,
2,2,0.16,0.16,4.0,39.06,400.0,0.49,0.38,0.13,16,3,4,93.18940948784311,73.19769128112242,19.991718206720698,0.30131482755566436,54.30983729774111,147.80056161313988,40.66538404506801,
2,2,0.16,0.16,4.0,39.06,400.0,0.49,0.38,0.13,16,4,4,93.70142808818011,73.6029569561449,20.098471132035236,0.3026552461991562,54.4024651090905,148.40654844346977,40.89053164230272,
2,2,0.16,0.16,4.0,39.06,400.0,0.49,0.38,0.13,17,1,4,125.71724456685288,99.06413102727102,26.653113539581888,0.3741812427404772,58.11132998993216,184.2027557995255,55.03562834848389,
2,2,0.16,0.16,4.0,39.06,400.0,0.49,0.38,0.13,17,2,4,122.99427887355142,96.91433892077626,26.079939952775177,0.36649674367126206,57.43043736357467,180.79121298079735,53.84129940043125,
2,2,0.16,0.16,4.0,39.06,400.0,0.49,0.38,0.13,17,3,4,126.23867140216223,99.48492372243764,26.753747679724576,0.3747220608645825,58.011038061929376,184.62443152495618,55.26940206802091,
2,2,0.16,0.16,4.0,39.06,400.0,0.49,0.38,0.13,17,4,4,126.91156687906218,100.01815013254725,26.893416746514944,0.37641981052631257,58.12168254245639,185.40966923204488,55.56563896252624,
2,2,0.16,0.16,4.0,39.06,400.0,0.49,0.38,0.13,18,1,5,169.3432082919813,133.80192691238204,35.541281379599276,0.4672146059441834,62.3321515792929,232.14257447721837,74.33440384021223,
2,2,0.16,0.16,4.0,39.06,400.0,0.49,0.38,0.13,18,2,5,164.88539431821025,130.2707371171555,34.61465720105475,0.4558305033270176,61.48341200008394,226.8246368216212,72.37263173175306,
2,2,0.16,0.16,4.0,39.06,400.0,0.49,0.38,0.13,18,3,5,169.0940104302939,133.60909870058225,35.484911729711676,0.46611204931601596,62.1573015422963,231.71742402190623,74.22727705587903,
2,2,0.16,0.16,4.0,39.06,400.0,0.49,0.38,0.13,18,4,5,170.26753307272153,134.5409566320541,35.72657644066747,0.4688773978327221,62.31638181124035,233.0527922817946,74.74497590669671,
2,2,0.16,0.16,4.0,39.06,400.0,0.49,0.38,0.13,19,1,5,227.22087698044663,179.92505966156878,47.29581731887788,0.5868441168062507,67.36992602445608,295.17764712170896,99.9583664786493,
2,2,0.16,0.16,4.0,39.06,400.0,0.49,0.38,0.13,19,2,5,220.27651860955135,174.41232465358274,45.86419395596859,0.5703204828861583,66.30475323180822,287.1515923242457,96.89573591865708,
2,2,0.16,0.16,4.0,39.06,400.0,0.49,0.38,0.13,19,3,5,225.56414857218084,178.61056017793857,46.9535883942423,0.5828322828242056,67.07256204418877,293.2195428991938,99.22808898774363,
2,2,0.16,0.16,4.0,39.06,400.0,0.49,0.38,0.13,19,4,5,226.9111630307826,179.6806749924125,47.2304880383701,0.5859562280428486,67.24674334705095,294.7438626058764,99.82259721800696,
2,2,0.16,0.16,4.0,39.06,400.0,0.49,0.38,0.13,20,1,5,301.43161264176166,239.1033731802786,62.32823946148311,0.7362302419472712,73.34905106123408,375.51689394494304,132.835207322377,
2,2,0.16,0.16,4.0,39.06,400.0,0.49,0.38,0.13,20,2,5,291.3698044609214,231.10467141037117,60.265133050550276,0.7134311851617501,72.03270676296191,364.11594240904503,128.39148411687285,
2,2,0.16,0.16,4.0,39.06,400.0,0.49,0.38,0.13,20,3,5,299.215283827115,237.34262817706283,61.87265565005213,0.7310919329937595,73.00660033212152,372.9529760922303,131.8570156539238,
2,2,0.16,0.16,4.0,39.06,400.0,0.49,0.38,0.13,20,4,5,299.96144564339596,237.9336014532009,62.02784419019511,0.7330063625376533,73.13237121235281,373.82682321828645,132.18533414066718,
2,2,0.16,0.16,4.0,39.06,400.0,0.49,0.38,0.13,21,1,6,398.89509225537563,316.88107866147556,82.0140135939,0.9266285928465938,80.39302742400561,480.21474827222784,176.04504370081978,
2,2,0.16,0.16,4.0,39.06,400.0,0.49,0.38,0.13,21,2,6,384.3626034075595,305.31468891659506,79.04791449096446,0.895095903424887,78.75357369983851,464.0112730108229,169.61927162033064,
2,2,0.16,0.16,4.0,39.06,400.0,0.49,0.38,0.13,21,3,6,395.7428201256371,314.37343313924595,81.36938698639109,0.9196618855593144,79.98293328000024,476.6454152911966,174.65190729958113,
2,2,0.16,0.16,4.0,39.06,400.0,0.49,0.38,0.13,21,4,6,395.4234170088618,314.11406538648885,81.30935162237293,0.9194946963590964,80.03169260440362,476.3746043096245,174.50781410360491,
2,2,0.16,0.16,4.0,39.06,400.0,0.49,0.38,0.13,22,1,6,525.4867004104607,417.9670979328045,107.51960247765632,1.1674509985907857,88.83252979306103,615.4866812021124,232.20394329600248,
2,2,0.16,0.16,4.0,39.06,400.0,0.49,0.38,0.13,22,2,6,506.5172694124321,402.8577180463286,103.65955136610346,1.1274776621282971,86.8972777586125,594.5420248331728,223.8098433590714,
2,2,0.16,0.16,4.0,39.06,400.0,0.49,0.38,0.13,22,3,6,522.2511020761865,415.3929147115895,106.85818736459713,1.1603257751322507,88.41688052805804,611.8283083793768,230.77384150643866,
2,2,0.16,0.16,4.0,39.06,400.0,0.49,0.38,0.13,22,4,6,518.9920749219555,412.7861963213662,106.20587860058946,1.1545663721747332,88.26966348096414,608.4163047750943,229.32566462298118,
2,2,0.16,0.16,4.0,39.06,400.0,0.49,0.38,0.13,23,1,6,689.9071178569914,549.3379047298145,140.56921312717702,1.4723115263795716,99.16566477225886,790.5450941556298,305.1877248498969,
2,2,0.16,0.16,4.0,39.06,400.0,0.49,0.38,0.13,23,2,6,663.972462111527,528.6633571542911,135.30910495723592,1.4194236010500325,96.79267751858728,762.1845632311644,293.70186508571726,
2,2,0.16,0.16,4.0,39.06,400.0,0.49,0.38,0.13,23,3,6,684.9714109612456,545.4053462117137,139.5660647495321,1.4620340423843121,98.64317080075409,785.076615804384,303.00297011761864,
2,2,0.16,0.16,4.0,39.06,400.0,0.49,0.38,0.13,23,4,6,679.3484343853225,540.9098481457179,138.4385862396047,1.4518915167005833,98.34738942790494,779.1477153299281,300.50547119206556,
2,2,0.16,0.16,4.0,39.06,400.0,0.49,0.38,0.13,24,1,7,900.3989087873301,717.6256201182803,182.77328866904995,1.851763435332026,111.30454152044194,1013.5552137431041,398.6809000657112,
2,2,0.16,0.16,4.0,39.06,400.0,0.49,0.38,0.13,24,2,7,863.6313020938314,688.2901525234895,175.34114957034188,1.779347033862625,108.30682749811066,973.7174766258048,382.38341806860524,
2,2,0.16,0.16,4.0,39.06,400.0,0.49,0.38,0.13,24,3,7,889.7698352575766,709.1412277283152,180.62860752926153,1.831222563733421,110.45371609455134,1002.0547739158612,393.9673487379529,
2,2,0.16,0.16,4.0,39.06,400.0,0.49,0.38,0.13,24,4,7,884.8504473669885,705.208247240344,179.64220012664447,1.822348391882341,110.19851006335777,996.8713058222286,391.782359577969,
2,2,0.16,0.16,4.0,39.06,400.0,0.49,0.38,0.13,25,1,7,1163.833619527269,928.3733887102314,235.46023081703774,2.313159205942394,125.55740027495781,1291.7041790081694,515.7629937279064,
2,2,0.16,0.16,4.0,39.06,400.0,0.49,0.38,0.13,25,2,7,1118.7199411158874,892.3610637411343,226.3588773747531,2.2261249806447445,122.10813079504874,1243.054196891581,495.75614652285236,
2,2,0.16,0.16,4.0,39.06,400.0,0.49,0.38,0.13,25,3,7,1144.4443821050775,912.8808652063158,231.56351689876166,2.2772752439876562,124.23261536865313,1270.9542727177181,507.1560362257311,
2,2,0.16,0.16,4.0,39.06,400.0,0.49,0.38,0.13,25,4,7,1147.1791167040965,915.0711827100304,232.10793399406606,2.2818069734869297,124.39152760770465,1273.852451285288,508.3728792833503,
2,2,0.16,0.16,4.0,39.06,400.0,0.49,0.38,0.13,26,1,7,1437.6549295272691,1147.4304367102313,290.2244928170377,2.792746705942394,139.70349080993725,1580.1511670431487,637.4613537279065,
2,2,0.16,0.16,4.0,39.06,400.0,0.49,0.38,0.13,26,2,7,1392.5412511158875,1111.4181117411345,281.12313937475307,2.7057124806447446,136.25422133002814,1531.5011849265602,617.4545065228524,
2,2,0.16,0.16,4.0,39.06,400.0,0.49,0.38,0.13,26,3,7,1418.2656921050773,1131.9379132063157,286.32777889876166,2.7568627439876563,138.37870590363255,1559.4012607526977,628.854396225731,
2,2,0.16,0.16,4.0,39.06,400.0,0.49,0.38,0.13,26,4,7,1421.0004267040965,1134.1282307100307,286.8721959940661,2.76139447348693,138.53761814268407,1562.2994393202675,630.0712392833502,
2,2,0.16,0.16,4.0,39.06,400.0,0.49,0.38,0.13,27,1,8,1715.8226095272692,1369.9645807102315,345.85802881703773,3.279946705942394,153.07797640664506,1872.1805326398567,761.0914337279065,
2,2,0.16,0.16,4.0,39.06,400.0,0.49,0.38,0.13,27,2,8,1670.7089311158873,1333.9522557411342,336.756675374753,3.192912480644744,149.62870692673596,1823.530550523268,741.0845865228523,
2,2,0.16,0.16,4.0,39.06,400.0,0.49,0.38,0.13,27,3,8,1696.4333721050773,1354.4720572063159,341.9613148987617,3.244062743987656,151.75319150034036,1851.4306263494052,752.484476225731,
2,2,0.16,0.16,4.0,39.06,400.0,0.49,0.38,0.13,27,4,8,1699.1681067040965,1356.6623747100307,342.5057319940661,3.2485944734869303,151.91210373939188,1854.3288049169753,753.7013192833502,
2,2,0.16,0.16,4.0,39.06,400.0,0.49,0.38,0.13,28,1,8,1989.6439195272692,1589.0216287102314,400.62229081703777,3.759534205942394,165.57797640664506,2158.9814301398565,882.7897937279065,
2,2,0.16,0.16,4.0,39.06,400.0,0.49,0.38,0.13,28,2,8,1944.5302411158873,1553.0093037411343,391.52093737475303,3.6724999806447443,162.12870692673596,2110.331448023268,862.7829465228524,
2,2,0.16,0.16,4.0,39.06,400.0,0.49,0.38,0.13,28,3,8,1970.254682105077,1573.5291052063158,396.7255768987617,3.723650243987656,164.25319150034036,2138.231523849405,874.1828362257311,
2,2,0.16,0.16,4.0,39.06,400.0,0.49,0.38,0.13,28,4,8,1972.9894167040966,1575.7194227100306,397.26999399406606,3.72818197348693,164.41210373939188,2141.1297024169753,875.3996792833501,
2,2,0.16,0.16,4.0,39.06,400.0,0.49,0.38,0.13,29,1,8,2263.4652295272695,1808.0786767102313,455.3865528170377,4.239121705942394,177.10061015150103,2444.804961384713,1004.4881537279066,
2,2,0.16,0.16,4.0,39.06,400.0,0.49,0.38,0.13,29,2,8,2218.351551115887,1772.0663517411342,446.285199374753,4.152087480644744,173.65134067159192,2396.1549792681235,984.4813065228524,
2,2,0.16,0.16,4.0,39.06,400.0,0.49,0.38,0.13,29,3,8,2244.075992105077,1792.5861532063159,451.4898388987617,4.203237743987656,175.77582524519633,2424.055055094261,995.881196225731,
2,2,0.16,0.16,4.0,39.06,400.0,0.49,0.38,0.13,29,4,8,2246.8107267040964,1794.7764707100307,452.0342559940661,4.20776947348693,175.93473748424785,2426.9532336618313,997.0980392833503,
2,2,0.16,0.16,4.0,39.06,400.0,0.49,0.38,0.13,30,1,9,2541.6329095272695,2030.6128207102313,511.02008881703773,4.726321705942394,187.54299698277674,2733.902228215989,1128.1182337279065,
2,2,0.16,0.16,4.0,39.06,400.0,0.49,0.38,0.13,30,2,9,2496.519231115887,1994.6004957411342,501.918735374753,4.639287480644745,184.09372750286764,2685.2522460993996,1108.1113865228524,
2,2,0.16,0.16,4.0,39.06,400.0,0.49,0.38,0.13,30,3,9,2522.243672105077,2015.1202972063159,507.1233748987617,4.690437743987656,186.21821207647204,2713.152321925537,1119.5112762257309,
2,2,0.16,0.16,4.0,39.06,400.0,0.49,0.38,0.13,30,4,9,2524.9784067040964,2017.3106147100304,507.667791994066,4.69496947348693,186.37712431552356,2716.0505004931065,1120.7281192833502,
2,2,0.16,0.16,4.0,39.06,400.0,0.49,0.38,0.13,31,1,9,2815.4542195272697,2249.669868710231,565.7843508170376,5.205909205942394,196.802256242036,3017.4623849752484,1249.8165937279064,
2,2,0.16,0.16,4.0,39.06,400.0,0.49,0.38,0.13,31,2,9,2770.3405411158874,2213.6575437411343,556.6829973747531,5.118874980644745,193.3529867621269,2968.812402858659,1229.8097465228525,
2,2,0.16,0.16,4.0,39.06,400.0,0.49,0.38,0.13,31,3,9,2796.064982105077,2234.1773452063157,561.8876368987616,5.170025243987656,195.4774713357313,2996.712478684796,1241.209636225731,
2,2,0.16,0.16,4.0,39.06,400.0,0.49,0.38,0.13,31,4,9,2798.7997167040967,2236.3676627100303,562.432053994066,5.174556973486929,195.63638357478283,2999.6106572523668,1242.42647928335,
2,2,0.16,0.16,4.0,39.06,400.0,0.49,0.38,0.13,32,1,9,3089.2755295272696,2468.7269167102313,620.5486128170377,5.685496705942394,204.77550727084258,3299.736533504055,1371.5149537279062,
2,2,0.16,0.16,4.0,39.06,400.0,0.49,0.38,0.13,32,2,9,3044.161851115887,2432.714591741134,611.447259374753,5.598462480644745,201.32623779093348,3251.0865513874655,1351.5081065228521,
2,2,0.16,0.16,4.0,39.06,400.0,0.49,0.38,0.13,32,3,9,3069.8862921050772,2453.234393206316,616.6518988987616,5.649612743987656,203.45072236453788,3278.986627213603,1362.907996225731,
2,2,0.16,0.16,4.0,39.06,400.0,0.49,0.38,0.13,32,4,9,3072.6210267040965,2455.4247107100305,617.196315994066,5.654144473486929,203.6096346035894,3281.884805781173,1364.12483928335,
2,2,0.16,0.16,4.0,39.06,400.0,0.49,0.38,0.13,33,1,10,3367.4432095272696,2691.261060710231,676.1821488170376,6.1726967059423945,211.35986941076027,3584.9757756439726,1495.1450337279066,
2,2,0.16,0.16,4.0,39.06,400.0,0.49,0.38,0.13,33,2,10,3322.329531115887,2655.248735741134,667.080795374753,6.085662480644745,207.91059993085116,3536.325793527383,1475.1381865228523,
2,2,0.16,0.16,4.0,39.06,400.0,0.49,0.38,0.13,33,3,10,3348.0539721050773,2675.768537206316,672.2854348987617,6.136812743987655,210.03508450445557,3564.2258693535205,1486.538076225731,
2,2,0.16,0.16,4.0,39.06,400.0,0.49,0.38,0.13,33,4,10,3350.788706704096,2677.95885471003,672.829851994066,6.14134447348693,210.19399674350709,3567.12404792109,1487.75491928335,
2,2,0.16,0.16,4.0,39.06,400.0,0.49,0.38,0.13,34,1,10,3641.26451952727,2910.318108710231,730.9464108170376,6.652284205942394,216.45246200335285,3864.3692657365655,1616.8433937279065,
2,2,0.16,0.16,4.0,39.06,400.0,0.49,0.38,0.13,34,2,10,3596.150841115887,2874.305783741134,721.845057374753,6.5652499806447455,213.00319252344374,3815.7192836199756,1596.8365465228524,
2,2,0.16,0.16,4.0,39.06,400.0,0.49,0.38,0.13,34,3,10,3621.875282105077,2894.8255852063157,727.0496968987616,6.616400243987655,215.12767709704815,3843.619359446113,1608.2364362257308,
2,2,0.16,0.16,4.0,39.06,400.0,0.49,0.38,0.13,34,4,10,3624.6100167040963,2897.0159027100303,727.594113994066,6.620931973486929,215.28658933609967,3846.517538013683,1609.45327928335,
2,2,0.16,0.16,4.0,39.06,400.0,0.49,0.38,0.13,35,1,10,3915.085829527269,3129.375156710231,785.7106728170376,7.131871705942395,219.95040439018413,4142.168105623396,1738.5417537279063,
2,2,0.16,0.16,4.0,39.06,400.0,0.49,0.38,0.13,35,2,10,3869.9721511158873,3093.362831741134,776.609319374753,7.044837480644746,216.50113491027503,4093.518123506807,1718.5349065228522,
2,2,0.16,0.16,4.0,39.06,400.0,0.49,0.38,0.13,35,3,10,3895.6965921050773,3113.882633206316,781.8139588987616,7.0959877439876555,218.62561948387943,4121.418199332945,1729.934796225731,
2,2,0.16,0.16,4.0,39.06,400.0,0.49,0.38,0.13,35,4,10,3898.4313267040966,3116.0729507100305,782.358375994066,7.100519473486928,218.78453172293095,4124.316377900514,1731.15163928335,
2,2,0.16,0.16,4.0,39.06,400.0,0.49,0.38,0.13,36,1,11,4193.25350952727,3351.909300710231,841.3442088170376,7.619071705942394,221.75081591281787,4422.62339714603,1862.1718337279065,
2,2,0.16,0.16,4.0,39.06,400.0,0.49,0.38,0.13,36,2,11,4148.139831115887,3315.8969757411337,832.2428553747529,7.532037480644745,218.30154643290876,4373.973415029442,1842.1649865228524,
2,2,0.16,0.16,4.0,39.06,400.0,0.49,0.38,0.13,36,3,11,4173.864272105077,3336.4167772063156,837.4474948987615,7.583187743987655,220.42603100651317,4401.873490855578,1853.5648762257308,
2,2,0.16,0.16,4.0,39.06,400.0,0.49,0.38,0.13,36,4,11,4176.599006704096,3338.60709471003,837.991911994066,7.5877194734869295,220.5849432455647,4404.771669423147,1854.78171928335,
2,2,0.16,0.16,4.0,39.06,500.0,0.49,0.38,0.13,0,1,0,0.0,0.0,0.0,0.0,0.0,0.0,0.0,
2,2,0.16,0.16,4.0,39.06,500.0,0.49,0.38,0.13,0,2,0,0.0,0.0,0.0,0.0,0.0,0.0,0.0,
2,2,0.16,0.16,4.0,39.06,500.0,0.49,0.38,0.13,0,3,0,0.0,0.0,0.0,0.0,0.0,0.0,0.0,
2,2,0.16,0.16,4.0,39.06,500.0,0.49,0.38,0.13,0,4,0,0.0,0.0,0.0,0.0,0.0,0.0,0.0,
2,2,0.16,0.16,4.0,39.06,500.0,0.49,0.38,0.13,1,1,0,0.0,0.0,0.0,0.0,0.0,0.0,0.0,
2,2,0.16,0.16,4.0,39.06,500.0,0.49,0.38,0.13,1,2,0,0.0,0.0,0.0,0.0,0.0,0.0,0.0,
2,2,0.16,0.16,4.0,39.06,500.0,0.49,0.38,0.13,1,3,0,0.0,0.0,0.0,0.0,0.0,0.0,0.0,
2,2,0.16,0.16,4.0,39.06,500.0,0.49,0.38,0.13,1,4,0,0.0,0.0,0.0,0.0,0.0,0.0,0.0,
2,2,0.16,0.16,4.0,39.06,500.0,0.49,0.38,0.13,2,1,0,0.0,0.0,0.0,0.0,1.8004115226337445,1.8004115226337445,0.0,
2,2,0.16,0.16,4.0,39.06,500.0,0.49,0.38,0.13,2,2,0,0.0,0.0,0.0,0.0,1.8004115226337445,1.8004115226337445,0.0,
2,2,0.16,0.16,4.0,39.06,500.0,0.49,0.38,0.13,2,3,0,0.0,0.0,0.0,0.0,1.8004115226337445,1.8004115226337445,0.0,
2,2,0.16,0.16,4.0,39.06,500.0,0.49,0.38,0.13,2,4,0,0.0,0.0,0.0,0.0,1.8004115226337445,1.8004115226337445,0.0,
2,2,0.16,0.16,4.0,39.06,500.0,0.49,0.38,0.13,3,1,0,0.0,0.0,0.0,0.0,5.298353909465019,5.298353909465019,0.0,
2,2,0.16,0.16,4.0,39.06,500.0,0.49,0.38,0.13,3,2,0,0.0,0.0,0.0,0.0,5.298353909465019,5.298353909465019,0.0,
2,2,0.16,0.16,4.0,39.06,500.0,0.49,0.38,0.13,3,3,0,0.0,0.0,0.0,0.0,5.298353909465019,5.298353909465019,0.0,
2,2,0.16,0.16,4.0,39.06,500.0,0.49,0.38,0.13,3,4,0,0.0,0.0,0.0,0.0,5.298353909465019,5.298353909465019,0.0,
2,2,0.16,0.16,4.0,39.06,500.0,0.49,0.38,0.13,4,1,0,0.0,0.0,0.0,0.0,10.39094650205761,10.39094650205761,0.0,
2,2,0.16,0.16,4.0,39.06,500.0,0.49,0.38,0.13,4,2,0,0.0,0.0,0.0,0.0,10.39094650205761,10.39094650205761,0.0,
2,2,0.16,0.16,4.0,39.06,500.0,0.49,0.38,0.13,4,3,0,0.0,0.0,0.0,0.0,10.39094650205761,10.39094650205761,0.0,
2,2,0.16,0.16,4.0,39.06,500.0,0.49,0.38,0.13,4,4,0,0.0,0.0,0.0,0.0,10.39094650205761,10.39094650205761,0.0,
2,2,0.16,0.16,4.0,39.06,500.0,0.49,0.38,0.13,5,1,0,0.0,0.0,0.0,0.0,16.44309156378601,16.44309156378601,0.0,
2,2,0.16,0.16,4.0,39.06,500.0,0.49,0.38,0.13,5,2,0,0.0,0.0,0.0,0.0,16.44309156378601,16.44309156378601,0.0,
2,2,0.16,0.16,4.0,39.06,500.0,0.49,0.38,0.13,5,3,0,0.0,0.0,0.0,0.0,16.44309156378601,16.44309156378601,0.0,
2,2,0.16,0.16,4.0,39.06,500.0,0.49,0.38,0.13,5,4,0,0.0,0.0,0.0,0.0,16.44309156378601,16.44309156378601,0.0,
2,2,0.16,0.16,4.0,39.06,500.0,0.49,0.38,0.13,6,1,1,0.24178688229750284,0.09671475291900114,0.1450721293785017,0.0102888035020214,22.19994862397414,22.452024309773666,0.05373041828833396,
2,2,0.16,0.16,4.0,39.06,500.0,0.49,0.38,0.13,6,2,1,0.24178688229750284,0.09671475291900114,0.1450721293785017,0.0102888035020214,22.19994862397414,22.452024309773666,0.05373041828833396,
2,2,0.16,0.16,4.0,39.06,500.0,0.49,0.38,0.13,6,3,1,0.24178688229750284,0.09671475291900114,0.1450721293785017,0.0102888035020214,22.19994862397414,22.452024309773666,0.05373041828833396,
2,2,0.16,0.16,4.0,39.06,500.0,0.49,0.38,0.13,6,4,1,0.24178688229750284,0.09671475291900114,0.1450721293785017,0.0102888035020214,22.19994862397414,22.452024309773666,0.05373041828833396,
2,2,0.16,0.16,4.0,39.06,500.0,0.49,0.38,0.13,7,1,1,0.6315434351277507,0.2526173740511003,0.3789260610766504,0.026874188728840457,27.88766646581881,28.5460840896754,0.1403429855839446,
2,2,0.16,0.16,4.0,39.06,500.0,0.49,0.38,0.13,7,2,1,0.6279860423630915,0.2511944169452366,0.37679162541785494,0.026722810313323044,27.83575342894727,28.490462281623685,0.13955245385846476,
2,2,0.16,0.16,4.0,39.06,500.0,0.49,0.38,0.13,7,3,1,0.6293776109171565,0.2517510443668626,0.3776265665502939,0.026782025996474744,27.856060590521924,28.512220227435556,0.13986169131492365,
2,2,0.16,0.16,4.0,39.06,500.0,0.49,0.38,0.13,7,4,1,0.6288131696362131,0.25152526785448526,0.3772879017817279,0.026758007218562266,27.847823698233697,28.50339487508847,0.1397362599191585,
2,2,0.16,0.16,4.0,39.06,500.0,0.49,0.38,0.13,8,1,1,1.1192319480677733,0.4476927792271093,0.6715391688406639,0.04762689140713929,33.55322853539393,34.72008737486884,0.24871821068172742,
2,2,0.16,0.16,4.0,39.06,500.0,0.49,0.38,0.13,8,2,1,1.1118705647270712,0.4447482258908285,0.6671223388362428,0.047313641052215805,33.45712388000194,34.61630808578123,0.24708234771712692,
2,2,0.16,0.16,4.0,39.06,500.0,0.49,0.38,0.13,8,3,1,1.1138261957824516,0.44553047831298065,0.668295717469471,0.04739685939499795,33.48398385352014,34.64520690869759,0.24751693239610034,
2,2,0.16,0.16,4.0,39.06,500.0,0.49,0.38,0.13,8,4,1,1.112060204522506,0.44482408180900246,0.6672361227135036,0.04732171083074495,33.46178834665496,34.621170262008214,0.24712448989389027,
2,2,0.16,0.16,4.0,39.06,500.0,0.49,0.38,0.13,9,1,2,4.41771832928357,2.971337306770183,1.4463810225133873,0.06514930840128252,36.49376220876953,40.97662984645439,1.6507429482056573,
2,2,0.16,0.16,4.0,39.06,500.0,0.49,0.38,0.13,9,2,2,4.348919433414752,2.9213874230010113,1.4275320104137408,0.06450968601107304,36.34288725769702,40.75631637712284,1.6229930127783392,
2,2,0.16,0.16,4.0,39.06,500.0,0.49,0.38,0.13,9,3,2,4.393566369486667,2.954832438226185,1.4387339312604817,0.06481969166235642,36.40780566331195,40.86619172446097,1.641573576792325,
2,2,0.16,0.16,4.0,39.06,500.0,0.49,0.38,0.13,9,4,2,4.392946491081505,2.955002923145878,1.4379435679356263,0.06475063154748378,36.38663189279899,40.844329015427974,1.641668290636599,
2,2,0.16,0.16,4.0,39.06,500.0,0.49,0.38,0.13,10,1,2,9.269898369546532,6.744712606102979,2.5251857634435524,0.08470179467366167,39.05567078743556,48.410270951655754,3.7470625589460997,
2,2,0.16,0.16,4.0,39.06,500.0,0.49,0.38,0.13,10,2,2,9.194336966231475,6.689503750418617,2.504833215812858,0.08403492188612309,38.90122529163963,48.17959717975723,3.716390972454787,
2,2,0.16,0.16,4.0,39.06,500.0,0.49,0.38,0.13,10,3,2,9.372231998015593,6.826571275293352,2.54566072272224,0.08488186795194481,39.03649752515529,48.493611391122826,3.792539597385195,
2,2,0.16,0.16,4.0,39.06,500.0,0.49,0.38,0.13,10,4,2,9.232139402884343,6.718278574622649,2.5138608282616937,0.08425078450806758,38.94168338134508,48.25807356873749,3.7323769859014715,
2,2,0.16,0.16,4.0,39.06,500.0,0.49,0.38,0.13,11,1,2,15.870751902160556,11.907465119473828,3.9632867826867297,0.10829233785271783,41.71905692200811,57.69810116202138,6.615258399707682,
2,2,0.16,0.16,4.0,39.06,500.0,0.49,0.38,0.13,11,2,2,15.764474715971527,11.828232403170647,3.936242312800881,0.10751569107934746,41.55221787895123,57.424208286002106,6.571240223983693,
2,2,0.16,0.16,4.0,39.06,500.0,0.49,0.38,0.13,11,3,2,16.113351645481917,12.099030697538408,4.01432094794351,0.1089737029446479,41.75647979893956,57.978805147366124,6.721683720854671,
2,2,0.16,0.16,4.0,39.06,500.0,0.49,0.38,0.13,11,4,2,15.762802258127323,11.826132567033731,3.9366696910935937,0.10759047585453765,41.57674819717262,57.44714093115448,6.570073648352072,
2,2,0.16,0.16,4.0,39.06,500.0,0.49,0.38,0.13,12,1,3,25.51061947744564,19.502977427912914,6.007642049532728,0.13704763740918402,44.285258772879324,69.93292588773414,10.83498745995162,
2,2,0.16,0.16,4.0,39.06,500.0,0.49,0.38,0.13,12,2,3,24.73233673906591,18.894253367134194,5.83808337193172,0.13426642773015768,43.93952703463141,68.80613020142748,10.496807426185663,
2,2,0.16,0.16,4.0,39.06,500.0,0.49,0.38,0.13,12,3,3,26.083815018475427,19.955028373748565,6.128786644726859,0.13871515517603122,44.410688621000375,70.63321879465184,11.08612687430476,
2,2,0.16,0.16,4.0,39.06,500.0,0.49,0.38,0.13,12,4,3,25.1261352133841,19.203755771319603,5.922379442064505,0.13552088484331237,44.0693345498843,69.33099064811171,10.668753206288667,
2,2,0.16,0.16,4.0,39.06,500.0,0.49,0.38,0.13,13,1,3,38.473155806359095,29.74876529827469,8.72439050808441,0.17242416054968937,47.00483658500151,85.6504165519103,16.527091832374833,
2,2,0.16,0.16,4.0,39.06,500.0,0.49,0.38,0.13,13,2,3,37.451754934977096,28.947876929911846,8.503878005065252,0.16897944844800464,46.60809795555108,84.22883233897619,16.082153849951023,
2,2,0.16,0.16,4.0,39.06,500.0,0.49,0.38,0.13,13,3,3,39.23228825538898,30.347783632922255,8.884504622466725,0.1745991254057198,47.16927653705753,86.57616391785223,16.85987979606792,
2,2,0.16,0.16,4.0,39.06,500.0,0.49,0.38,0.13,13,4,3,38.18278020903151,29.523928577750404,8.658851631281113,0.1711542433239054,46.80865663392087,85.16259108627628,16.402182543194666,
2,2,0.16,0.16,4.0,39.06,500.0,0.49,0.38,0.13,14,1,3,56.089804760510376,43.69839079511633,12.391413965394053,0.2179364195168066,50.17140038407982,106.479141564107,24.27688377506463,
2,2,0.16,0.16,4.0,39.06,500.0,0.49,0.38,0.13,14,2,3,54.14507342969126,42.16636938592965,11.978704043761603,0.21210630170649375,49.60869461666521,103.96587434806295,23.425760769960917,
2,2,0.16,0.16,4.0,39.06,500.0,0.49,0.38,0.13,14,3,3,57.41961846313861,44.749299258612105,12.67031920452651,0.22158572793664671,50.43841935687696,108.07962354795222,24.860721810340056,
2,2,0.16,0.16,4.0,39.06,500.0,0.49,0.38,0.13,14,4,3,55.695326152306045,43.39112080260009,12.30420534970596,0.21639755425200508,49.95650808728148,105.86823179383953,24.106178223666717,
2,2,0.16,0.16,4.0,39.06,500.0,0.49,0.38,0.13,15,1,4,79.90171266172425,62.59502762024792,17.30668504147635,0.2752374507766607,53.60731994151583,133.78427005401673,34.77501534458217,
2,2,0.16,0.16,4.0,39.06,500.0,0.49,0.38,0.13,15,2,4,77.79087801843762,60.9311900632678,16.859687955169814,0.2690076215639876,53.02064643400121,131.0805320740028,33.850661146259895,
2,2,0.16,0.16,4.0,39.06,500.0,0.49,0.38,0.13,15,3,4,82.7415933760329,64.84429398180535,17.89729939422756,0.2825205880102081,54.09223278489221,137.1163467489353,36.024607767669636,
2,2,0.16,0.16,4.0,39.06,500.0,0.49,0.38,0.13,15,4,4,79.9058456513983,62.604087534207125,17.301758117191177,0.27465780539988016,53.44994497556948,133.63044843236764,34.78004863011507,
2,2,0.16,0.16,4.0,39.06,500.0,0.49,0.38,0.13,16,1,4,112.28840565073784,88.33086754675286,23.95753810398502,0.34966072456494757,57.63565574551607,170.27372212081886,49.07270419264047,
2,2,0.16,0.16,4.0,39.06,500.0,0.49,0.38,0.13,16,2,4,110.35910024753056,86.81128082347924,23.547819424051315,0.34384804199764485,57.07156128728976,167.77450957681796,48.22848934637736,
2,2,0.16,0.16,4.0,39.06,500.0,0.49,0.38,0.13,16,3,4,116.72357968344919,91.84782164327481,24.875758040174382,0.36060977950884543,58.31899505974527,175.4031845227033,51.02656757959711,
2,2,0.16,0.16,4.0,39.06,500.0,0.49,0.38,0.13,16,4,4,112.58113572588807,88.56925894563983,24.01187678024824,0.34974426329017416,57.514177188404915,170.44505717758318,49.20514385868879,
2,2,0.16,0.16,4.0,39.06,500.0,0.49,0.38,0.13,17,1,4,156.95563974980143,123.85898216295233,33.096657586849105,0.44887316940788036,62.637958108886,220.0424710280953,68.81054564608462,
2,2,0.16,0.16,4.0,39.06,500.0,0.49,0.38,0.13,17,2,4,154.53071662001426,121.94518335668522,32.58553326332902,0.4419596475485715,62.01835921267501,216.99103548023783,67.74732408704735,
2,2,0.16,0.16,4.0,39.06,500.0,0.49,0.38,0.13,17,3,4,164.16659439456143,129.58377951915708,34.58281487540438,0.4659876381371537,63.632158263189886,228.2647402958885,71.99098862175391,
2,2,0.16,0.16,4.0,39.06,500.0,0.49,0.38,0.13,17,4,4,157.90854185170676,124.6224713859165,33.28607046579026,0.4504230465378093,62.59041249515665,220.94937739340122,69.23470632550917,
2,2,0.16,0.16,4.0,39.06,500.0,0.49,0.38,0.13,18,1,5,219.91934489271935,173.99473048030507,45.9246144124143,0.5831447074790981,68.72971043527176,289.2322000354702,96.66373915572503,
2,2,0.16,0.16,4.0,39.06,500.0,0.49,0.38,0.13,18,2,5,214.9542170592201,170.05825744591263,44.89595961330751,0.5708141411207566,67.86434617505924,283.3893773754001,94.47680969217367,
2,2,0.16,0.16,4.0,39.06,500.0,0.49,0.38,0.13,18,3,5,230.10382646799656,182.08724106852011,48.0165853994765,0.606600290244632,70.0115999743638,300.722026732605,101.15957837140003,
2,2,0.16,0.16,4.0,39.06,500.0,0.49,0.38,0.13,18,4,5,219.70878768440954,173.8317986322407,45.876989052168845,0.5822134810794416,68.5695998772849,288.86060104277385,96.57322146235593,
2,2,0.16,0.16,4.0,39.06,500.0,0.49,0.38,0.13,19,1,5,305.8060756671013,242.43848736731937,63.36758829978198,0.7606671928332644,76.20544308446917,382.7721859444037,134.68804853739962,
2,2,0.16,0.16,4.0,39.06,500.0,0.49,0.38,0.13,19,2,5,298.0315030697517,236.26314748270764,61.76835558704407,0.7425296803675654,75.09553979293172,373.869572543051,131.2573041570598,
2,2,0.16,0.16,4.0,39.06,500.0,0.49,0.38,0.13,19,3,5,320.81957431643843,254.37927658530825,66.44029773113019,0.7941040509957717,77.9076587936062,399.5213371610404,141.32182032517122,
2,2,0.16,0.16,4.0,39.06,500.0,0.49,0.38,0.13,19,4,5,304.29573731893834,241.23975052888773,63.055986790050646,0.7570494003449612,75.93219728176638,380.98498400104967,134.02208362715982,
2,2,0.16,0.16,4.0,39.06,500.0,0.49,0.38,0.13,20,1,5,422.65826680237353,335.6206333294714,87.03763347290212,0.9958905185742032,85.62017068948714,509.27432801043483,186.45590740526188,
2,2,0.16,0.16,4.0,39.06,500.0,0.49,0.38,0.13,20,2,5,410.9394806813331,326.30003551944367,84.6394451618895,0.9698133088425717,84.1924839179755,496.1017779081512,181.27779751080197,
2,2,0.16,0.16,4.0,39.06,500.0,0.49,0.38,0.13,20,3,5,443.76092145621664,352.4171348630415,91.34378659317508,1.041584840738196,87.8129869134277,532.6154932103825,195.78729714613414,
2,2,0.16,0.16,4.0,39.06,500.0,0.49,0.38,0.13,20,4,5,418.4436966999594,332.2654446899057,86.17825201005365,0.9868291106891389,85.12904617094887,504.5595719815974,184.59191371661427,
2,2,0.16,0.16,4.0,39.06,500.0,0.49,0.38,0.13,21,1,6,580.4258598502046,461.52216521811476,118.90369463208987,1.3040950856669073,97.02250519104592,678.7524601269174,256.40120289895265,
2,2,0.16,0.16,4.0,39.06,500.0,0.49,0.38,0.13,21,2,6,566.6332291633988,450.54660010659785,116.08662905680094,1.2739665473052222,95.44493548739163,663.3521311980957,250.30366672588764,
2,2,0.16,0.16,4.0,39.06,500.0,0.49,0.38,0.13,21,3,6,611.8574446814287,486.5613489589798,125.2960957224489,1.3699673378629906,99.96182400560429,713.189236024896,270.3118605327665,
2,2,0.16,0.16,4.0,39.06,500.0,0.49,0.38,0.13,21,4,6,572.0599842441436,454.85415604202456,117.20582820211906,1.2869239558110381,96.23135344222347,669.5782616421782,252.69675335668035,
2,2,0.16,0.16,4.0,39.06,500.0,0.49,0.38,0.13,22,1,6,793.2257296502802,631.4472657286783,161.778463921602,1.7089163635870301,111.20926710588206,906.1439131197493,350.8040365159323,
2,2,0.16,0.16,4.0,39.06,500.0,0.49,0.38,0.13,22,2,6,776.1252268279255,617.8302962514663,158.2949305764591,1.6724950721970306,109.41117097767759,887.2088928778002,343.2390534730368,
2,2,0.16,0.16,4.0,39.06,500.0,0.49,0.38,0.13,22,3,6,838.7400667909207,667.7318186696804,171.00824812124034,1.8015790353068026,115.08744295219988,955.6290887784273,370.9621214831557,
2,2,0.16,0.16,4.0,39.06,500.0,0.49,0.38,0.13,22,4,6,782.2157798174574,622.6679085561725,159.547871261285,1.6867152611639828,110.2418424506172,894.1443375292386,345.9266158645403,
2,2,0.16,0.16,4.0,39.06,500.0,0.49,0.38,0.13,23,1,6,1045.3287796502802,832.8759057286782,212.452873921602,2.17635386358703,127.05288850505902,1174.5580220189263,462.7088365159323,
2,2,0.16,0.16,4.0,39.06,500.0,0.49,0.38,0.13,23,2,6,1028.2282768279254,819.2589362514664,208.96934057645913,2.139932572197031,125.25479237685454,1155.623001776977,455.14385347303676,
2,2,0.16,0.16,4.0,39.06,500.0,0.49,0.38,0.13,23,3,6,1090.8431167909205,869.1604586696803,221.68265812124034,2.2690165353068026,130.93106435137685,1224.043197677604,482.8669214831557,
2,2,0.16,0.16,4.0,39.06,500.0,0.49,0.38,0.13,23,4,6,1034.3188298174573,824.0965485561724,210.222281261285,2.154152761163983,126.08546384979415,1162.5584464284154,457.83141586454025,
2,2,0.16,0.16,4.0,39.06,500.0,0.49,0.38,0.13,24,1,7,1312.03404465028,1046.1061677286782,265.927876921602,2.65714136358703,142.433546941273,1457.1247329551402,581.170093182599,
2,2,0.16,0.16,4.0,39.06,500.0,0.49,0.38,0.13,24,2,7,1294.9335418279254,1032.4891982514662,262.4443435764591,2.6207200721970305,140.63545081306853,1438.1897127131908,573.6051101397035,
2,2,0.16,0.16,4.0,39.06,500.0,0.49,0.38,0.13,24,3,7,1357.5483817909205,1082.3907206696804,275.1576611212403,2.7498040353068025,146.31172278759084,1506.6099086138183,601.3281781498224,
2,2,0.16,0.16,4.0,39.06,500.0,0.49,0.38,0.13,24,4,7,1301.0240948174576,1037.3268105561726,263.697284261285,2.634940261163983,141.46612228600813,1445.1251573646298,576.2926725312069,
2,2,0.16,0.16,4.0,39.06,500.0,0.49,0.38,0.13,25,1,7,1585.85535465028,1265.1632157286783,320.692138921602,3.1367288635870296,157.2483617560878,1746.240445269955,702.868453182599,
2,2,0.16,0.16,4.0,39.06,500.0,0.49,0.38,0.13,25,2,7,1568.7548518279252,1251.5462462514663,317.20860557645915,3.1003075721970306,155.45026562788334,1727.3054250280054,695.3034701397033,
2,2,0.16,0.16,4.0,39.06,500.0,0.49,0.38,0.13,25,3,7,1631.3696917909206,1301.4477686696803,329.9219231212403,3.229391535306802,161.12653760240565,1795.7256209286331,723.0265381498222,
2,2,0.16,0.16,4.0,39.06,500.0,0.49,0.38,0.13,25,4,7,1574.8454048174572,1256.3838585561725,318.461546261285,3.114527761163983,156.28093710082294,1734.2408696794441,697.9910325312069,
2,2,0.16,0.16,4.0,39.06,500.0,0.49,0.38,0.13,26,1,7,1859.6766646502801,1484.2202637286784,375.45640092160204,3.6163163635870292,171.39445229106724,2034.6874333049343,824.5668131825989,
2,2,0.16,0.16,4.0,39.06,500.0,0.49,0.38,0.13,26,2,7,1842.576161827925,1470.603294251466,371.97286757645907,3.57989507219703,169.59635616286278,2015.752413062985,817.0018301397033,
2,2,0.16,0.16,4.0,39.06,500.0,0.49,0.38,0.13,26,3,7,1905.1910017909202,1520.5048166696802,384.68618512124027,3.7089790353068026,175.27262813738508,2084.172608963612,844.7248981498224,
2,2,0.16,0.16,4.0,39.06,500.0,0.49,0.38,0.13,26,4,7,1848.666714817457,1475.4409065561724,373.22580826128495,3.5941152611639824,170.42702763580235,2022.6878577144234,819.6893925312069,
2,2,0.16,0.16,4.0,39.06,500.0,0.49,0.38,0.13,27,1,8,2137.84434465028,1706.7544077286782,431.089936921602,4.10351636358703,184.76893788777505,2326.716798901642,948.1968931825991,
2,2,0.16,0.16,4.0,39.06,500.0,0.49,0.38,0.13,27,2,8,2120.7438418279253,1693.1374382514662,427.6064035764591,4.067095072197031,182.9708417595706,2307.781778659693,940.6319101397033,
2,2,0.16,0.16,4.0,39.06,500.0,0.49,0.38,0.13,27,3,8,2183.3586817909204,1743.0389606696801,440.31972112124026,4.196179035306803,188.6471137340929,2376.2019745603197,968.3549781498222,
2,2,0.16,0.16,4.0,39.06,500.0,0.49,0.38,0.13,27,4,8,2126.8343948174575,1697.9750505561726,428.859344261285,4.081315261163983,183.80151323251016,2314.7172233111314,943.3194725312068,
2,2,0.16,0.16,4.0,39.06,500.0,0.49,0.38,0.13,28,1,8,2411.66565465028,1925.8114557286783,485.854198921602,4.58310386358703,197.26893788777505,2613.517696401642,1069.8952531825992,
2,2,0.16,0.16,4.0,39.06,500.0,0.49,0.38,0.13,28,2,8,2394.5651518279255,1912.194486251466,482.37066557645903,4.546682572197031,195.4708417595706,2594.582676159693,1062.330270139703,
2,2,0.16,0.16,4.0,39.06,500.0,0.49,0.38,0.13,28,3,8,2457.17999179092,1962.09600866968,495.08398312124024,4.675766535306803,201.1471137340929,2663.0028720603195,1090.0533381498224,
2,2,0.16,0.16,4.0,39.06,500.0,0.49,0.38,0.13,28,4,8,2400.6557048174577,1917.0320985561723,483.6236062612849,4.560902761163983,196.30151323251016,2601.5181208111317,1065.017832531207,
2,2,0.16,0.16,4.0,39.06,500.0,0.49,0.38,0.13,29,1,8,2685.4869646502802,2144.868503728678,540.618460921602,5.06269136358703,208.79157163263102,2899.3412276464983,1191.593613182599,
2,2,0.16,0.16,4.0,39.06,500.0,0.49,0.38,0.13,29,2,8,2668.3864618279254,2131.2515342514657,537.1349275764591,5.026270072197031,206.99347550442656,2880.4062074045487,1184.0286301397034,
2,2,0.16,0.16,4.0,39.06,500.0,0.49,0.38,0.13,29,3,8,2731.0013017909205,2181.15305666968,549.8482451212403,5.155354035306803,212.66974747894886,2948.8264033051764,1211.7516981498222,
2,2,0.16,0.16,4.0,39.06,500.0,0.49,0.38,0.13,29,4,8,2674.4770148174575,2136.089146556172,538.387868261285,5.040490261163983,207.82414697736613,2887.3416520559877,1186.7161925312068,
2,2,0.16,0.16,4.0,39.06,500.0,0.49,0.38,0.13,30,1,9,2963.6546446502803,2367.402647728678,596.251996921602,5.549891363587029,219.23395846390673,3188.438494477774,1315.223693182599,
2,2,0.16,0.16,4.0,39.06,500.0,0.49,0.38,0.13,30,2,9,2946.5541418279254,2353.785678251466,592.7684635764591,5.5134700721970304,217.43586233570227,3169.503474235825,1307.6587101397035,
2,2,0.16,0.16,4.0,39.06,500.0,0.49,0.38,0.13,30,3,9,3009.16898179092,2403.6872006696804,605.4817811212404,5.642554035306802,223.11213431022458,3237.923670136451,1335.3817781498224,
2,2,0.16,0.16,4.0,39.06,500.0,0.49,0.38,0.13,30,4,9,2952.644694817458,2358.6232905561724,594.021404261285,5.527690261163983,218.26653380864184,3176.4389188872638,1310.3462725312068,
2,2,0.16,0.16,4.0,39.06,500.0,0.49,0.38,0.13,31,1,9,3237.47595465028,2586.459695728678,651.016258921602,6.02947886358703,228.493217723166,3471.998651237033,1436.9220531825988,
2,2,0.16,0.16,4.0,39.06,500.0,0.49,0.38,0.13,31,2,9,3220.3754518279256,2572.842726251466,647.5327255764591,5.993057572197031,226.69512159496153,3453.063630995084,1429.3570701397039,
2,2,0.16,0.16,4.0,39.06,500.0,0.49,0.38,0.13,31,3,9,3282.9902917909203,2622.74424866968,660.2460431212403,6.122141535306803,232.37139356948384,3521.4838268957105,1457.0801381498222,
2,2,0.16,0.16,4.0,39.06,500.0,0.49,0.38,0.13,31,4,9,3226.4660048174574,2577.6803385561725,648.7856662612851,6.007277761163983,227.5257930679011,3459.9990756465227,1432.0446325312066,
2,2,0.16,0.16,4.0,39.06,500.0,0.49,0.38,0.13,32,1,9,3511.2972646502803,2805.5167437286777,705.7805209216019,6.509066363587029,236.46646875197257,3754.27279976584,1558.620413182599,
2,2,0.16,0.16,4.0,39.06,500.0,0.49,0.38,0.13,32,2,9,3494.1967618279255,2791.8997742514657,702.2969875764591,6.472645072197031,234.6683726237681,3735.3377795238903,1551.0554301397037,
2,2,0.16,0.16,4.0,39.06,500.0,0.49,0.38,0.13,32,3,9,3556.8116017909206,2841.80129666968,715.0103051212403,6.6017290353068026,240.34464459829042,3803.757975424518,1578.778498149822,
2,2,0.16,0.16,4.0,39.06,500.0,0.49,0.38,0.13,32,4,9,3500.2873148174576,2796.737386556172,703.549928261285,6.486865261163982,235.49904409670768,3742.2732241753292,1553.742992531207,
2,2,0.16,0.16,4.0,39.06,500.0,0.49,0.38,0.13,33,1,10,3789.46494465028,3028.050887728678,761.414056921602,6.99626636358703,243.05083089189026,4039.512041905757,1682.2504931825988,
2,2,0.16,0.16,4.0,39.06,500.0,0.49,0.38,0.13,33,2,10,3772.364441827925,3014.433918251466,757.9305235764591,6.959845072197031,241.2527347636858,4020.5770216638075,1674.6855101397034,
2,2,0.16,0.16,4.0,39.06,500.0,0.49,0.38,0.13,33,3,10,3834.97928179092,3064.33544066968,770.6438411212403,7.088929035306802,246.9290067382081,4088.997217564435,1702.4085781498227,
2,2,0.16,0.16,4.0,39.06,500.0,0.49,0.38,0.13,33,4,10,3778.454994817457,3019.2715305561724,759.183464261285,6.9740652611639815,242.08340623662536,4027.5124663152465,1677.3730725312066,
2,2,0.16,0.16,4.0,39.06,500.0,0.49,0.38,0.13,34,1,10,4063.28625465028,3247.1079357286776,816.1783189216019,7.475853863587029,248.14342348448284,4318.90553199835,1803.948853182599,
2,2,0.16,0.16,4.0,39.06,500.0,0.49,0.38,0.13,34,2,10,4046.1857518279253,3233.4909662514665,812.6947855764593,7.43943257219703,246.34532735627837,4299.970511756401,1796.3838701397037,
2,2,0.16,0.16,4.0,39.06,500.0,0.49,0.38,0.13,34,3,10,4108.80059179092,3283.3924886696805,825.4081031212404,7.568516535306803,252.02159933080068,4368.3907076570285,1824.1069381498226,
2,2,0.16,0.16,4.0,39.06,500.0,0.49,0.38,0.13,34,4,10,4052.2763048174575,3238.328578556172,813.947726261285,7.4536527611639825,247.17599882921795,4306.90595640784,1799.071432531207,
2,2,0.16,0.16,4.0,39.06,500.0,0.49,0.38,0.13,35,1,10,4337.10756465028,3466.1649837286773,870.9425809216018,7.9554413635870285,251.64136587131412,4596.704371885182,1925.6472131825988,
2,2,0.16,0.16,4.0,39.06,500.0,0.49,0.38,0.13,35,2,10,4320.007061827925,3452.548014251466,867.4590475764592,7.91902007219703,249.84326974310966,4577.769351643232,1918.0822301397036,
2,2,0.16,0.16,4.0,39.06,500.0,0.49,0.38,0.13,35,3,10,4382.621901790921,3502.44953666968,880.1723651212403,8.048104035306801,255.51954171763197,4646.18954754386,1945.8052981498224,
2,2,0.16,0.16,4.0,39.06,500.0,0.49,0.38,0.13,35,4,10,4326.097614817457,3457.385626556172,868.711988261285,7.933240261163982,250.67394121604923,4584.704796294671,1920.7697925312068,
2,2,0.16,0.16,4.0,39.06,500.0,0.49,0.38,0.13,36,1,11,4615.27524465028,3688.6991277286775,926.5761169216019,8.44264136358703,253.44177739394786,4877.159663407815,2049.2772931825984,
2,2,0.16,0.16,4.0,39.06,500.0,0.49,0.38,0.13,36,2,11,4598.174741827925,3675.0821582514654,923.092583576459,8.40622007219703,251.6436812657434,4858.224643165865,2041.7123101397035,
2,2,0.16,0.16,4.0,39.06,500.0,0.49,0.38,0.13,36,3,11,4660.789581790919,3724.98368066968,935.8059011212403,8.535304035306801,257.3199532402657,4926.644839066492,2069.4353781498226,
2,2,0.16,0.16,4.0,39.06,500.0,0.49,0.38,0.13,36,4,11,4604.265294817456,3679.919770556172,924.3455242612849,8.420440261163984,252.47435273868297,4865.160087817303,2044.3998725312067,
2,2,0.16,0.16,4.0,39.06,750.0,0.49,0.38,0.13,0,1,0,0.0,0.0,0.0,0.0,0.0,0.0,0.0,
2,2,0.16,0.16,4.0,39.06,750.0,0.49,0.38,0.13,0,2,0,0.0,0.0,0.0,0.0,0.0,0.0,0.0,
2,2,0.16,0.16,4.0,39.06,750.0,0.49,0.38,0.13,0,3,0,0.0,0.0,0.0,0.0,0.0,0.0,0.0,
2,2,0.16,0.16,4.0,39.06,750.0,0.49,0.38,0.13,0,4,0,0.0,0.0,0.0,0.0,0.0,0.0,0.0,
2,2,0.16,0.16,4.0,39.06,750.0,0.49,0.38,0.13,1,1,0,0.0,0.0,0.0,0.0,0.0,0.0,0.0,
2,2,0.16,0.16,4.0,39.06,750.0,0.49,0.38,0.13,1,2,0,0.0,0.0,0.0,0.0,0.0,0.0,0.0,
2,2,0.16,0.16,4.0,39.06,750.0,0.49,0.38,0.13,1,3,0,0.0,0.0,0.0,0.0,0.0,0.0,0.0,
2,2,0.16,0.16,4.0,39.06,750.0,0.49,0.38,0.13,1,4,0,0.0,0.0,0.0,0.0,0.0,0.0,0.0,
2,2,0.16,0.16,4.0,39.06,750.0,0.49,0.38,0.13,2,1,0,0.0,0.0,0.0,0.0,1.8004115226337445,1.8004115226337445,0.0,
2,2,0.16,0.16,4.0,39.06,750.0,0.49,0.38,0.13,2,2,0,0.0,0.0,0.0,0.0,1.8004115226337445,1.8004115226337445,0.0,
2,2,0.16,0.16,4.0,39.06,750.0,0.49,0.38,0.13,2,3,0,0.0,0.0,0.0,0.0,1.8004115226337445,1.8004115226337445,0.0,
2,2,0.16,0.16,4.0,39.06,750.0,0.49,0.38,0.13,2,4,0,0.0,0.0,0.0,0.0,1.8004115226337445,1.8004115226337445,0.0,
2,2,0.16,0.16,4.0,39.06,750.0,0.49,0.38,0.13,3,1,0,0.0,0.0,0.0,0.0,5.298353909465019,5.298353909465019,0.0,
2,2,0.16,0.16,4.0,39.06,750.0,0.49,0.38,0.13,3,2,0,0.0,0.0,0.0,0.0,5.298353909465019,5.298353909465019,0.0,
2,2,0.16,0.16,4.0,39.06,750.0,0.49,0.38,0.13,3,3,0,0.0,0.0,0.0,0.0,5.298353909465019,5.298353909465019,0.0,
2,2,0.16,0.16,4.0,39.06,750.0,0.49,0.38,0.13,3,4,0,0.0,0.0,0.0,0.0,5.298353909465019,5.298353909465019,0.0,
2,2,0.16,0.16,4.0,39.06,750.0,0.49,0.38,0.13,4,1,0,0.0,0.0,0.0,0.0,10.39094650205761,10.39094650205761,0.0,
2,2,0.16,0.16,4.0,39.06,750.0,0.49,0.38,0.13,4,2,0,0.0,0.0,0.0,0.0,10.39094650205761,10.39094650205761,0.0,
2,2,0.16,0.16,4.0,39.06,750.0,0.49,0.38,0.13,4,3,0,0.0,0.0,0.0,0.0,10.39094650205761,10.39094650205761,0.0,
2,2,0.16,0.16,4.0,39.06,750.0,0.49,0.38,0.13,4,4,0,0.0,0.0,0.0,0.0,10.39094650205761,10.39094650205761,0.0,
2,2,0.16,0.16,4.0,39.06,750.0,0.49,0.38,0.13,5,1,0,0.0,0.0,0.0,0.0,16.44309156378601,16.44309156378601,0.0,
2,2,0.16,0.16,4.0,39.06,750.0,0.49,0.38,0.13,5,2,0,0.0,0.0,0.0,0.0,16.44309156378601,16.44309156378601,0.0,
2,2,0.16,0.16,4.0,39.06,750.0,0.49,0.38,0.13,5,3,0,0.0,0.0,0.0,0.0,16.44309156378601,16.44309156378601,0.0,
2,2,0.16,0.16,4.0,39.06,750.0,0.49,0.38,0.13,5,4,0,0.0,0.0,0.0,0.0,16.44309156378601,16.44309156378601,0.0,
2,2,0.16,0.16,4.0,39.06,750.0,0.49,0.38,0.13,6,1,1,0.24178688229750284,0.09671475291900114,0.1450721293785017,0.0102888035020214,22.19994862397414,22.452024309773666,0.05373041828833396,
2,2,0.16,0.16,4.0,39.06,750.0,0.49,0.38,0.13,6,2,1,0.24178688229750284,0.09671475291900114,0.1450721293785017,0.0102888035020214,22.19994862397414,22.452024309773666,0.05373041828833396,
2,2,0.16,0.16,4.0,39.06,750.0,0.49,0.38,0.13,6,3,1,0.24178688229750284,0.09671475291900114,0.1450721293785017,0.0102888035020214,22.19994862397414,22.452024309773666,0.05373041828833396,
2,2,0.16,0.16,4.0,39.06,750.0,0.49,0.38,0.13,6,4,1,0.24178688229750284,0.09671475291900114,0.1450721293785017,0.0102888035020214,22.19994862397414,22.452024309773666,0.05373041828833396,
2,2,0.16,0.16,4.0,39.06,750.0,0.49,0.38,0.13,7,1,1,0.6325447180658192,0.2530178872263277,0.37952683083949146,0.026916796513439114,27.902278188932204,28.561739703511464,0.1405654929035154,
2,2,0.16,0.16,4.0,39.06,750.0,0.49,0.38,0.13,7,2,1,0.6293809233850879,0.25175236935403517,0.3776285540310527,0.026782166952556932,27.856108929370414,28.51227201970806,0.13986242741890842,
2,2,0.16,0.16,4.0,39.06,750.0,0.49,0.38,0.13,7,3,1,0.6307726945322782,0.25230907781291134,0.3784636167193669,0.02684139125669269,27.87641904738679,28.53403313317576,0.14017170989606184,
2,2,0.16,0.16,4.0,39.06,750.0,0.49,0.38,0.13,7,4,1,0.6302356579963195,0.25209426319852785,0.37814139479779174,0.02681853863814126,27.868582072574917,28.52563626920938,0.14005236844362656,
2,2,0.16,0.16,4.0,39.06,750.0,0.49,0.38,0.13,8,1,1,1.124706870587299,0.4498827482349196,0.6748241223523792,0.04785986683350209,33.61981130570886,34.79237804312966,0.2499348601305109,
2,2,0.16,0.16,4.0,39.06,750.0,0.49,0.38,0.13,8,2,1,1.1182544137048245,0.4473017654819298,0.6709526482228946,0.0475852942002053,33.53543708676117,34.7012767946662,0.2485009808232943,
2,2,0.16,0.16,4.0,39.06,750.0,0.49,0.38,0.13,8,3,1,1.1199272322890075,0.447970892915603,0.6719563393734044,0.047656477969744995,33.55901218161527,34.72659589187403,0.24887271828644608,
2,2,0.16,0.16,4.0,39.06,750.0,0.49,0.38,0.13,8,4,1,1.1180069494878246,0.4472027797951299,0.6708041696926949,0.047574763807992554,33.53510579494482,34.700687508240634,0.24844598877507218,
2,2,0.16,0.16,4.0,39.06,750.0,0.49,0.38,0.13,9,1,2,4.477792180272845,3.015300462360504,1.462491717912341,0.06567232752693983,36.609018815850874,41.15248332365066,1.6751669235336135,
2,2,0.16,0.16,4.0,39.06,750.0,0.49,0.38,0.13,9,2,2,4.405739281228181,2.9625291262958253,1.443210154932356,0.06504926829411906,36.46616313393133,40.93695168345363,1.645849514608792,
2,2,0.16,0.16,4.0,39.06,750.0,0.49,0.38,0.13,9,3,2,4.454419285172977,2.9991630607288804,1.4552562244440974,0.0653701664503242,36.531644180627666,41.05143363225097,1.6662017004049334,
2,2,0.16,0.16,4.0,39.06,750.0,0.49,0.38,0.13,9,4,2,4.4522827855226605,2.998229521893392,1.4540532636292687,0.06528730368847042,36.507545041023846,41.02511513023498,1.6656830677185512,
2,2,0.16,0.16,4.0,39.06,750.0,0.49,0.38,0.13,10,1,2,9.709100601520577,7.083511001979733,2.625589599540843,0.08675256058595145,39.37110386027064,49.16695702237716,3.935283889988741,
2,2,0.16,0.16,4.0,39.06,750.0,0.49,0.38,0.13,10,2,2,9.634647273630325,7.028872934087589,2.6057743395427346,0.0861198285150122,39.226980772937246,48.947747875082584,3.9049294078264385,
2,2,0.16,0.16,4.0,39.06,750.0,0.49,0.38,0.13,10,3,2,9.59148896143843,6.9940873352867285,2.5974016261517017,0.08607065231275562,39.24397199279111,48.921531606542295,3.8856040751592933,
2,2,0.16,0.16,4.0,39.06,750.0,0.49,0.38,0.13,10,4,2,9.614852845379152,7.012984577000909,2.601868268378243,0.08609054664069797,39.23333683245827,48.93428022447812,3.8961025427782827,
2,2,0.16,0.16,4.0,39.06,750.0,0.49,0.38,0.13,11,1,2,17.628252306427896,13.277349445185495,4.350902861242401,0.11505452022087923,42.566411670724975,60.30971849737375,7.376305247325274,
2,2,0.16,0.16,4.0,39.06,750.0,0.49,0.38,0.13,11,2,2,17.261719911834014,12.994266384797053,4.267453527036961,0.11337793771442792,42.304437258163155,59.6795351077116,7.219036880442806,
2,2,0.16,0.16,4.0,39.06,750.0,0.49,0.38,0.13,11,3,2,17.3116110756996,13.032257952465656,4.279353123233946,0.11366130754911594,42.35897312025703,59.784245503505744,7.240143306925363,
2,2,0.16,0.16,4.0,39.06,750.0,0.49,0.38,0.13,11,4,2,16.89532699327032,12.707291535918014,4.188035457352304,0.11210996047880709,42.17094388627336,59.17838084002249,7.059606408843342,
2,2,0.16,0.16,4.0,39.06,750.0,0.49,0.38,0.13,12,1,3,29.226298276335037,22.41576345661104,6.810534819723995,0.14965097951139827,45.653894647231006,75.02984390307745,12.453201920339465,
2,2,0.16,0.16,4.0,39.06,750.0,0.49,0.38,0.13,12,2,3,28.780173522449882,22.06996742429293,6.7102060981569505,0.14773697650970136,45.37073217807678,74.29864267703636,12.261093013496074,
2,2,0.16,0.16,4.0,39.06,750.0,0.49,0.38,0.13,12,3,3,29.119520266677018,22.336028870122444,6.783491396554581,0.1488837795665352,45.502323190593394,74.77072723683695,12.408904927845802,
2,2,0.16,0.16,4.0,39.06,750.0,0.49,0.38,0.13,12,4,3,28.402847578808377,21.774378149344397,6.628469429463973,0.14643638654276286,45.23432835653909,73.78361232189023,12.096876749635777,
2,2,0.16,0.16,4.0,39.06,750.0,0.49,0.38,0.13,13,1,3,47.56412160129196,36.91026075438099,10.653860846910971,0.19969739132008285,49.50122330049233,97.26504229310437,20.505700419100545,
2,2,0.16,0.16,4.0,39.06,750.0,0.49,0.38,0.13,13,2,3,46.19705351331986,35.83653696145698,10.360516551862876,0.1952700088112635,49.02484424208017,95.41716776421129,19.909187200809438,
2,2,0.16,0.16,4.0,39.06,750.0,0.49,0.38,0.13,13,3,3,46.809342951770944,36.31833650628382,10.491006445487127,0.1971617095712349,49.21369942546253,96.2202040868047,20.17685361460212,
2,2,0.16,0.16,4.0,39.06,750.0,0.49,0.38,0.13,13,4,3,44.96818671750141,34.86787671390171,10.100310003599702,0.19164544814154447,48.70978467378631,93.86961683942926,19.371042618834284,
2,2,0.16,0.16,4.0,39.06,750.0,0.49,0.38,0.13,14,1,3,73.75484330086428,57.64920833470072,16.105634966163574,0.2673605951239903,54.208962633974195,128.23116652996248,32.02733796372262,
2,2,0.16,0.16,4.0,39.06,750.0,0.49,0.38,0.13,14,2,3,71.57370827491019,55.93087108868673,15.642837186223465,0.2608300870210566,53.58625637664077,125.42079473857203,31.07270616038152,
2,2,0.16,0.16,4.0,39.06,750.0,0.49,0.38,0.13,14,3,3,72.82126443706917,56.91570233434352,15.905562102725675,0.2643629866104894,53.88929971324613,126.9749271369258,31.619834630190844,
2,2,0.16,0.16,4.0,39.06,750.0,0.49,0.38,0.13,14,4,3,69.70642665608726,54.45668633895611,15.249740317131144,0.25555619447053285,53.15644278943092,123.11842563998871,30.253714632753393,
2,2,0.16,0.16,4.0,39.06,750.0,0.49,0.38,0.13,15,1,4,112.88579267080858,88.70271912157698,24.183073549231626,0.3615254038565422,59.855330610829014,173.10264868549416,49.2792884008761,
2,2,0.16,0.16,4.0,39.06,750.0,0.49,0.38,0.13,15,2,4,109.96686411449562,86.39888421393242,23.56797990056322,0.35321946766436,59.12616504621007,169.44624862837006,47.99938011885134,
2,2,0.16,0.16,4.0,39.06,750.0,0.49,0.38,0.13,15,3,4,112.02945333471047,88.03050881031321,23.99894452439726,0.3587136647244207,59.54681290387055,171.93497990330545,48.90583822795179,
2,2,0.16,0.16,4.0,39.06,750.0,0.49,0.38,0.13,15,4,4,106.90227296230054,83.97453942187073,22.927733540429834,0.34506436663259654,58.523586670093565,165.7709239990267,46.65252190103929,
2,2,0.16,0.16,4.0,39.06,750.0,0.49,0.38,0.13,16,1,4,172.03860897149863,135.70805591323182,36.330553058266844,0.4974561160286028,67.21290206439951,239.74896715192676,75.3933643962399,
2,2,0.16,0.16,4.0,39.06,750.0,0.49,0.38,0.13,16,2,4,167.5752386518474,132.17694207313912,35.398296578708326,0.48560111688510355,66.29163506927765,234.35247483801015,73.43163448507728,
2,2,0.16,0.16,4.0,39.06,750.0,0.49,0.38,0.13,16,3,4,171.50842163046931,135.2950198109448,36.21340181952451,0.49539386061912727,66.94495193745693,238.94876742854535,75.16389989496935,
2,2,0.16,0.16,4.0,39.06,750.0,0.49,0.38,0.13,16,4,4,163.19223182624606,128.70492826655686,34.4873035596892,0.47441635145809075,65.52506893857505,229.19171711627922,71.50273792586493,
2,2,0.16,0.16,4.0,39.06,750.0,0.49,0.38,0.13,17,1,4,262.5722100417138,207.71806997200062,54.85414006971322,0.6985444548026194,77.35179818663381,340.6225526831502,115.39892776222258,
2,2,0.16,0.16,4.0,39.06,750.0,0.49,0.38,0.13,17,2,4,253.85089476438895,200.8002061005495,53.05068866383949,0.6772319385824965,75.95368214199097,330.4818088449624,111.55567005586086,
2,2,0.16,0.16,4.0,39.06,750.0,0.49,0.38,0.13,17,3,4,261.1827332461889,206.62155895026586,54.56117429592303,0.6945735921259202,76.98761587169615,338.864922710011,114.78975497236993,
2,2,0.16,0.16,4.0,39.06,750.0,0.49,0.38,0.13,17,4,4,247.4749845111256,195.74304598202048,51.73193852910509,0.6616206438352285,74.96392991688968,323.1005350718505,108.74613665667806,
2,2,0.16,0.16,4.0,39.06,750.0,0.49,0.38,0.13,18,1,5,398.91213842397366,316.2806826623328,82.63145576164086,0.9892924634030121,90.54271625628489,490.44414714366155,175.71149036796268,
2,2,0.16,0.16,4.0,39.06,750.0,0.49,0.38,0.13,18,2,5,385.2432848509601,305.42327085258796,79.82001399837209,0.9574292088627653,88.66592479293482,474.86663885275766,169.67959491810444,
2,2,0.16,0.16,4.0,39.06,750.0,0.49,0.38,0.13,18,3,5,395.6393188280407,313.6845330722795,81.95478575576118,0.9813053292258962,89.99632011101869,486.6169442682853,174.26918504015526,
2,2,0.16,0.16,4.0,39.06,750.0,0.49,0.38,0.13,18,4,5,373.76250067149283,296.30128205577455,77.4612186157182,0.9309316539728449,87.18227489225565,461.8757072177213,164.6118233643192,
2,2,0.16,0.16,4.0,39.06,750.0,0.49,0.38,0.13,19,1,5,590.3910984239736,468.8716506623328,121.51944776164086,1.3850674634030122,107.20938292295156,698.9855488103283,260.48425036796266,
2,2,0.16,0.16,4.0,39.06,750.0,0.49,0.38,0.13,19,2,5,576.7222448509601,458.014238852588,118.7080059983721,1.3532042088627654,105.33259145960147,683.4080405194243,254.45235491810442,
2,2,0.16,0.16,4.0,39.06,750.0,0.49,0.38,0.13,19,3,5,587.1182788280407,466.27550107227944,120.84277775576116,1.3770803292258962,106.66298677768535,695.158345934952,259.04194504015527,
2,2,0.16,0.16,4.0,39.06,750.0,0.49,0.38,0.13,19,4,5,562.8370634507469,446.9761685219595,115.86089492878745,1.3217369157308956,103.63965858071712,667.7984589471948,248.32009362331084,
2,2,0.16,0.16,4.0,39.06,750.0,0.49,0.38,0.13,20,1,5,796.6132734239736,633.3206406623327,163.29263276164085,1.8001924634030122,123.82460926040012,922.2380751477768,351.84480036796265,
2,2,0.16,0.16,4.0,39.06,750.0,0.49,0.38,0.13,20,2,5,782.94441985096,622.463228852588,160.4811909983721,1.7683292088627653,121.94781779705004,906.6605668568727,345.8129049181045,
2,2,0.16,0.16,4.0,39.06,750.0,0.49,0.38,0.13,20,3,5,793.3404538280406,630.7244910722795,162.61596275576116,1.792205329225896,123.27821311513391,918.4108722724004,350.40249504015526,
2,2,0.16,0.16,4.0,39.06,750.0,0.49,0.38,0.13,20,4,5,769.0592384507469,611.4251585219596,157.63407992878746,1.7368619157308958,120.25488491816569,891.0509852846434,339.6806436233108,
2,2,0.16,0.16,4.0,39.06,750.0,0.49,0.38,0.13,21,1,6,1024.3734234239737,815.0775606623328,209.29586276164088,2.245129963403012,140.28551461019435,1166.904067997571,452.8208670346293,
2,2,0.16,0.16,4.0,39.06,750.0,0.49,0.38,0.13,21,2,6,1010.7045698509601,804.2201488525878,206.48442099837206,2.2132667088627653,138.40872314684427,1151.326559706667,446.7889715847711,
2,2,0.16,0.16,4.0,39.06,750.0,0.49,0.38,0.13,21,3,6,1021.1006038280407,812.4814110722795,208.61919275576116,2.237142829225896,139.73911846492814,1163.0768651221947,451.37856170682187,
2,2,0.16,0.16,4.0,39.06,750.0,0.49,0.38,0.13,21,4,6,996.8193884507468,793.1820785219594,203.6373099287874,2.1817994157308953,136.71579026795993,1135.7169781344376,440.65671028997747,
2,2,0.16,0.16,4.0,39.06,750.0,0.49,0.38,0.13,22,1,6,1267.4271984239736,1009.1610306623328,258.2661677616409,2.707504963403012,156.48921831389805,1426.6239217012744,560.6450170346293,
2,2,0.16,0.16,4.0,39.06,750.0,0.49,0.38,0.13,22,2,6,1253.75834485096,998.303618852588,255.4547259983721,2.6756417088627655,154.61242685054796,1411.0464134103706,554.6131215847711,
2,2,0.16,0.16,4.0,39.06,750.0,0.49,0.38,0.13,22,3,6,1264.1543788280403,1006.5648810722795,257.58949775576116,2.6995178292258957,155.94282216863184,1422.796718825898,559.2027117068218,
2,2,0.16,0.16,4.0,39.06,750.0,0.49,0.38,0.13,22,4,6,1239.8731634507467,987.2655485219594,252.60761492878743,2.6441744157308955,152.91949397166363,1395.4368318381412,548.4808602899775,
2,2,0.16,0.16,4.0,39.06,750.0,0.49,0.38,0.13,23,1,6,1519.5302484239735,1210.5896706623325,308.94057776164084,3.174942463403012,172.332839713075,1695.0380306004515,672.5498170346293,
2,2,0.16,0.16,4.0,39.06,750.0,0.49,0.38,0.13,23,2,6,1505.8613948509596,1199.7322588525878,306.1291359983721,3.143079208862765,170.45604824972492,1679.4605223095473,666.517921584771,
2,2,0.16,0.16,4.0,39.06,750.0,0.49,0.38,0.13,23,3,6,1516.2574288280402,1207.9935210722797,308.2639077557612,3.166955329225896,171.7864435678088,1691.210827725075,671.1075117068219,
2,2,0.16,0.16,4.0,39.06,750.0,0.49,0.38,0.13,23,4,6,1491.9762134507469,1188.6941885219594,303.28202492878745,3.1116119157308955,168.76311537084058,1663.8509407373183,660.3856602899774,
2,2,0.16,0.16,4.0,39.06,750.0,0.49,0.38,0.13,24,1,7,1786.2355134239735,1423.8199326623328,362.41558076164085,3.6557299634030125,187.713498149289,1977.6047415366656,791.011073701296,
2,2,0.16,0.16,4.0,39.06,750.0,0.49,0.38,0.13,24,2,7,1772.56665985096,1412.9625208525877,359.60413899837204,3.623866708862765,185.8367066859389,1962.0272332457616,784.9791782514377,
2,2,0.16,0.16,4.0,39.06,750.0,0.49,0.38,0.13,24,3,7,1782.9626938280405,1421.2237830722795,361.7389107557612,3.647742829225896,187.16710200402278,1973.7775386612893,789.5687683734885,
2,2,0.16,0.16,4.0,39.06,750.0,0.49,0.38,0.13,24,4,7,1758.681478450747,1401.9244505219592,356.7570279287874,3.592399415730895,184.14377380705457,1946.4176516735324,778.8469169566442,
2,2,0.16,0.16,4.0,39.06,750.0,0.49,0.38,0.13,25,1,7,2060.0568234239736,1642.8769806623327,417.1798427616408,4.135317463403012,202.5283129641038,2266.7204538514807,912.709433701296,
2,2,0.16,0.16,4.0,39.06,750.0,0.49,0.38,0.13,25,2,7,2046.38796985096,1632.0195688525878,414.36840099837207,4.103454208862765,200.65152150075372,2251.1429455605767,906.6775382514378,
2,2,0.16,0.16,4.0,39.06,750.0,0.49,0.38,0.13,25,3,7,2056.7840038280406,1640.2808310722794,416.50317275576117,4.127330329225896,201.9819168188376,2262.8932509761044,911.2671283734884,
2,2,0.16,0.16,4.0,39.06,750.0,0.49,0.38,0.13,25,4,7,2032.502788450747,1620.9814985219593,411.52128992878744,4.0719869157308946,198.95858862186938,2235.533363988347,900.5452769566441,
2,2,0.16,0.16,4.0,39.06,750.0,0.49,0.38,0.13,26,1,7,2333.878133423974,1861.9340286623328,471.94410476164086,4.614904963403012,216.6744034990832,2555.1674418864604,1034.407793701296,
2,2,0.16,0.16,4.0,39.06,750.0,0.49,0.38,0.13,26,2,7,2320.20927985096,1851.0766168525877,469.13266299837204,4.583041708862765,214.79761203573315,2539.5899335955555,1028.3758982514378,
2,2,0.16,0.16,4.0,39.06,750.0,0.49,0.38,0.13,26,3,7,2330.605313828041,1859.3378790722793,471.26743475576114,4.606917829225896,216.128007353817,2551.3402390110837,1032.9654883734884,
2,2,0.16,0.16,4.0,39.06,750.0,0.49,0.38,0.13,26,4,7,2306.324098450747,1840.0385465219592,466.2855519287874,4.551574415730895,213.10467915684882,2523.9803520233268,1022.2436369566443,
2,2,0.16,0.16,4.0,39.06,750.0,0.49,0.38,0.13,27,1,8,2612.045813423974,2084.4681726623326,527.5776407616409,5.102104963403012,230.04888909579103,2847.196807483168,1158.037873701296,
2,2,0.16,0.16,4.0,39.06,750.0,0.49,0.38,0.13,27,2,8,2598.37695985096,2073.610760852588,524.766198998372,5.070241708862765,228.17209763244097,2831.6192991922635,1152.0059782514377,
2,2,0.16,0.16,4.0,39.06,750.0,0.49,0.38,0.13,27,3,8,2608.772993828041,2081.8720230722793,526.9009707557611,5.094117829225896,229.5024929505248,2843.3696046077916,1156.5955683734887,
2,2,0.16,0.16,4.0,39.06,750.0,0.49,0.38,0.13,27,4,8,2584.491778450747,2062.5726905219594,521.9190879287873,5.038774415730895,226.47916475355663,2816.0097176200347,1145.873716956644,
2,2,0.16,0.16,4.0,39.06,750.0,0.49,0.38,0.13,28,1,8,2885.8671234239737,2303.5252206623327,582.3419027616409,5.581692463403011,242.54888909579103,3133.9977049831678,1279.7362337012958,
2,2,0.16,0.16,4.0,39.06,750.0,0.49,0.38,0.13,28,2,8,2872.19826985096,2292.6678088525878,579.530460998372,5.549829208862765,240.67209763244097,3118.4201966922637,1273.7043382514375,
2,2,0.16,0.16,4.0,39.06,750.0,0.49,0.38,0.13,28,3,8,2882.5943038280407,2300.9290710722794,581.6652327557612,5.573705329225897,242.0024929505248,3130.1705021077914,1278.2939283734886,
2,2,0.16,0.16,4.0,39.06,750.0,0.49,0.38,0.13,28,4,8,2858.3130884507473,2281.6297385219596,576.6833499287874,5.518361915730896,238.97916475355663,3102.810615120035,1267.572076956644,
2,2,0.16,0.16,4.0,39.06,750.0,0.49,0.38,0.13,29,1,8,3159.688433423974,2522.5822686623324,637.1061647616408,6.0612799634030115,254.071522840647,3419.821236228024,1401.4345937012959,
2,2,0.16,0.16,4.0,39.06,750.0,0.49,0.38,0.13,29,2,8,3146.01957985096,2511.7248568525883,634.2947229983721,6.029416708862765,252.19473137729693,3404.2437279371197,1395.4026982514379,
2,2,0.16,0.16,4.0,39.06,750.0,0.49,0.38,0.13,29,3,8,3156.415613828041,2519.9861190722795,636.4294947557612,6.053292829225896,253.52512669538078,3415.9940333526474,1399.9922883734887,
2,2,0.16,0.16,4.0,39.06,750.0,0.49,0.38,0.13,29,4,8,3132.1343984507466,2500.6867865219597,631.4476119287874,5.997949415730895,250.5017984984126,3388.63414636489,1389.270436956644,
2,2,0.16,0.16,4.0,39.06,750.0,0.49,0.38,0.13,30,1,9,3437.8561134239735,2745.1164126623326,692.7397007616408,6.548479963403011,264.5139096719227,3708.9185030592994,1525.0646737012958,
2,2,0.16,0.16,4.0,39.06,750.0,0.49,0.38,0.13,30,2,9,3424.18725985096,2734.2590008525876,689.9282589983719,6.516616708862765,262.63711820857264,3693.3409947683954,1519.032778251438,
2,2,0.16,0.16,4.0,39.06,750.0,0.49,0.38,0.13,30,3,9,3434.5832938280405,2742.5202630722792,692.0630307557611,6.5404928292258955,263.9675135266565,3705.091300183923,1523.6223683734886,
2,2,0.16,0.16,4.0,39.06,750.0,0.49,0.38,0.13,30,4,9,3410.302078450747,2723.2209305219594,687.0811479287873,6.485149415730895,260.9441853296883,3677.7314131961666,1512.900516956644,
2,2,0.16,0.16,4.0,39.06,750.0,0.49,0.38,0.13,31,1,9,3711.677423423974,2964.173460662332,747.5039627616408,7.028067463403012,273.77316893118194,3992.4786598185588,1646.7630337012959,
2,2,0.16,0.16,4.0,39.06,750.0,0.49,0.38,0.13,31,2,9,3698.0085698509597,2953.316048852588,744.6925209983721,6.996204208862766,271.8963774678319,3976.9011515276543,1640.7311382514379,
2,2,0.16,0.16,4.0,39.06,750.0,0.49,0.38,0.13,31,3,9,3708.4046038280408,2961.5773110722794,746.8272927557612,7.020080329225896,273.2267727859157,3988.6514569431824,1645.3207283734887,
2,2,0.16,0.16,4.0,39.06,750.0,0.49,0.38,0.13,31,4,9,3684.1233884507474,2942.2779785219595,741.8454099287874,6.964736915730896,270.20344458894755,3961.291569955426,1634.598876956644,
2,2,0.16,0.16,4.0,39.06,750.0,0.49,0.38,0.13,32,1,9,3985.498733423974,3183.230508662333,802.2682247616409,7.507654963403011,281.74641995998854,4274.752808347366,1768.4613937012957,
2,2,0.16,0.16,4.0,39.06,750.0,0.49,0.38,0.13,32,2,9,3971.82987985096,3172.373096852588,799.456782998372,7.475791708862766,279.8696284966385,4259.175300056461,1762.4294982514377,
2,2,0.16,0.16,4.0,39.06,750.0,0.49,0.38,0.13,32,3,9,3982.225913828041,3180.634359072279,801.5915547557611,7.499667829225896,281.20002381472233,4270.925605471989,1767.0190883734888,
2,2,0.16,0.16,4.0,39.06,750.0,0.49,0.38,0.13,32,4,9,3957.9446984507467,3161.3350265219597,796.6096719287874,7.444324415730895,278.17669561775415,4243.565718484232,1756.297236956644,
2,2,0.16,0.16,4.0,39.06,750.0,0.49,0.38,0.13,33,1,10,4263.666413423974,3405.764652662332,857.9017607616407,7.994854963403011,288.33078209990623,4559.9920504872825,1892.0914737012959,
2,2,0.16,0.16,4.0,39.06,750.0,0.49,0.38,0.13,33,2,10,4249.99755985096,3394.907240852588,855.090318998372,7.9629917088627655,286.45399063655617,4544.4145421963785,1886.0595782514379,
2,2,0.16,0.16,4.0,39.06,750.0,0.49,0.38,0.13,33,3,10,4260.39359382804,3403.1685030722792,857.2250907557611,7.986867829225897,287.78438595464,4556.164847611906,1890.6491683734885,
2,2,0.16,0.16,4.0,39.06,750.0,0.49,0.38,0.13,33,4,10,4236.112378450747,3383.8691705219594,852.2432079287873,7.931524415730896,284.76105775767184,4528.804960624149,1879.9273169566438,
2,2,0.16,0.16,4.0,39.06,750.0,0.49,0.38,0.13,34,1,10,4537.487723423974,3624.821700662332,912.6660227616408,8.474442463403012,293.42337469249884,4839.385540579876,2013.7898337012957,
2,2,0.16,0.16,4.0,39.06,750.0,0.49,0.38,0.13,34,2,10,4523.818869850959,3613.9642888525877,909.854580998372,8.442579208862764,291.5465832291488,4823.808032288971,2007.7579382514377,
2,2,0.16,0.16,4.0,39.06,750.0,0.49,0.38,0.13,34,3,10,4534.214903828041,3622.2255510722794,911.9893527557612,8.466455329225896,292.8769785472326,4835.5583377044995,2012.3475283734886,
2,2,0.16,0.16,4.0,39.06,750.0,0.49,0.38,0.13,34,4,10,4509.933688450747,3602.9262185219595,907.0074699287874,8.411111915730896,289.85365035026445,4808.198450716742,2001.6256769566437,
2,2,0.16,0.16,4.0,39.06,750.0,0.49,0.38,0.13,35,1,10,4811.309033423974,3843.8787486623323,967.4302847616408,8.954029963403011,296.9213170793301,5117.184380466707,2135.4881937012956,
2,2,0.16,0.16,4.0,39.06,750.0,0.49,0.38,0.13,35,2,10,4797.640179850959,3833.0213368525883,964.6188429983721,8.922166708862765,295.04452561598004,5101.606872175802,2129.456298251438,
2,2,0.16,0.16,4.0,39.06,750.0,0.49,0.38,0.13,35,3,10,4808.036213828041,3841.282599072279,966.7536147557611,8.946042829225894,296.3749209340639,5113.357177591331,2134.0458883734887,
2,2,0.16,0.16,4.0,39.06,750.0,0.49,0.38,0.13,35,4,10,4783.754998450747,3821.9832665219596,961.7717319287874,8.890699415730897,293.3515927370957,5085.997290603573,2123.324036956644,
2,2,0.16,0.16,4.0,39.06,750.0,0.49,0.38,0.13,36,1,11,5089.476713423974,4066.412892662332,1023.0638207616407,9.44122996340301,298.72172860196383,5397.639671989341,2259.118273701296,
2,2,0.16,0.16,4.0,39.06,750.0,0.49,0.38,0.13,36,2,11,5075.807859850959,4055.5554808525876,1020.2523789983719,9.409366708862764,296.8449371386138,5382.062163698436,2253.086378251438,
2,2,0.16,0.16,4.0,39.06,750.0,0.49,0.38,0.13,36,3,11,5086.203893828041,4063.816743072279,1022.3871507557611,9.433242829225895,298.1753324566976,5393.812469113965,2257.6759683734886,
2,2,0.16,0.16,4.0,39.06,750.0,0.49,0.38,0.13,36,4,11,5061.922678450746,4044.5174105219594,1017.4052679287873,9.377899415730896,295.15200425972944,5366.452582126207,2246.9541169566437,
2,2,0.16,0.16,4.0,39.06,1000.0,0.49,0.38,0.13,0,1,0,0.0,0.0,0.0,0.0,0.0,0.0,0.0,
2,2,0.16,0.16,4.0,39.06,1000.0,0.49,0.38,0.13,0,2,0,0.0,0.0,0.0,0.0,0.0,0.0,0.0,
2,2,0.16,0.16,4.0,39.06,1000.0,0.49,0.38,0.13,0,3,0,0.0,0.0,0.0,0.0,0.0,0.0,0.0,
2,2,0.16,0.16,4.0,39.06,1000.0,0.49,0.38,0.13,0,4,0,0.0,0.0,0.0,0.0,0.0,0.0,0.0,
2,2,0.16,0.16,4.0,39.06,1000.0,0.49,0.38,0.13,1,1,0,0.0,0.0,0.0,0.0,0.0,0.0,0.0,
2,2,0.16,0.16,4.0,39.06,1000.0,0.49,0.38,0.13,1,2,0,0.0,0.0,0.0,0.0,0.0,0.0,0.0,
2,2,0.16,0.16,4.0,39.06,1000.0,0.49,0.38,0.13,1,3,0,0.0,0.0,0.0,0.0,0.0,0.0,0.0,
2,2,0.16,0.16,4.0,39.06,1000.0,0.49,0.38,0.13,1,4,0,0.0,0.0,0.0,0.0,0.0,0.0,0.0,
2,2,0.16,0.16,4.0,39.06,1000.0,0.49,0.38,0.13,2,1,0,0.0,0.0,0.0,0.0,1.8004115226337445,1.8004115226337445,0.0,
2,2,0.16,0.16,4.0,39.06,1000.0,0.49,0.38,0.13,2,2,0,0.0,0.0,0.0,0.0,1.8004115226337445,1.8004115226337445,0.0,
2,2,0.16,0.16,4.0,39.06,1000.0,0.49,0.38,0.13,2,3,0,0.0,0.0,0.0,0.0,1.8004115226337445,1.8004115226337445,0.0,
2,2,0.16,0.16,4.0,39.06,1000.0,0.49,0.38,0.13,2,4,0,0.0,0.0,0.0,0.0,1.8004115226337445,1.8004115226337445,0.0,
2,2,0.16,0.16,4.0,39.06,1000.0,0.49,0.38,0.13,3,1,0,0.0,0.0,0.0,0.0,5.298353909465019,5.298353909465019,0.0,
2,2,0.16,0.16,4.0,39.06,1000.0,0.49,0.38,0.13,3,2,0,0.0,0.0,0.0,0.0,5.298353909465019,5.298353909465019,0.0,
2,2,0.16,0.16,4.0,39.06,1000.0,0.49,0.38,0.13,3,3,0,0.0,0.0,0.0,0.0,5.298353909465019,5.298353909465019,0.0,
2,2,0.16,0.16,4.0,39.06,1000.0,0.49,0.38,0.13,3,4,0,0.0,0.0,0.0,0.0,5.298353909465019,5.298353909465019,0.0,
2,2,0.16,0.16,4.0,39.06,1000.0,0.49,0.38,0.13,4,1,0,0.0,0.0,0.0,0.0,10.39094650205761,10.39094650205761,0.0,
2,2,0.16,0.16,4.0,39.06,1000.0,0.49,0.38,0.13,4,2,0,0.0,0.0,0.0,0.0,10.39094650205761,10.39094650205761,0.0,
2,2,0.16,0.16,4.0,39.06,1000.0,0.49,0.38,0.13,4,3,0,0.0,0.0,0.0,0.0,10.39094650205761,10.39094650205761,0.0,
2,2,0.16,0.16,4.0,39.06,1000.0,0.49,0.38,0.13,4,4,0,0.0,0.0,0.0,0.0,10.39094650205761,10.39094650205761,0.0,
2,2,0.16,0.16,4.0,39.06,1000.0,0.49,0.38,0.13,5,1,0,0.0,0.0,0.0,0.0,16.44309156378601,16.44309156378601,0.0,
2,2,0.16,0.16,4.0,39.06,1000.0,0.49,0.38,0.13,5,2,0,0.0,0.0,0.0,0.0,16.44309156378601,16.44309156378601,0.0,
2,2,0.16,0.16,4.0,39.06,1000.0,0.49,0.38,0.13,5,3,0,0.0,0.0,0.0,0.0,16.44309156378601,16.44309156378601,0.0,
2,2,0.16,0.16,4.0,39.06,1000.0,0.49,0.38,0.13,5,4,0,0.0,0.0,0.0,0.0,16.44309156378601,16.44309156378601,0.0,
2,2,0.16,0.16,4.0,39.06,1000.0,0.49,0.38,0.13,6,1,1,0.24178688229750284,0.09671475291900114,0.1450721293785017,0.0102888035020214,22.19994862397414,22.452024309773666,0.05373041828833396,
2,2,0.16,0.16,4.0,39.06,1000.0,0.49,0.38,0.13,6,2,1,0.24178688229750284,0.09671475291900114,0.1450721293785017,0.0102888035020214,22.19994862397414,22.452024309773666,0.05373041828833396,
2,2,0.16,0.16,4.0,39.06,1000.0,0.49,0.38,0.13,6,3,1,0.24178688229750284,0.09671475291900114,0.1450721293785017,0.0102888035020214,22.19994862397414,22.452024309773666,0.05373041828833396,
2,2,0.16,0.16,4.0,39.06,1000.0,0.49,0.38,0.13,6,4,1,0.24178688229750284,0.09671475291900114,0.1450721293785017,0.0102888035020214,22.19994862397414,22.452024309773666,0.05373041828833396,
2,2,0.16,0.16,4.0,39.06,1000.0,0.49,0.38,0.13,7,1,1,0.6329644801636989,0.25318579206547953,0.37977868809821935,0.026934658730370167,27.90840377772886,28.56830291662293,0.14065877336971086,
2,2,0.16,0.16,4.0,39.06,1000.0,0.49,0.38,0.13,7,2,1,0.6303848303069326,0.25215393212277304,0.37823089818415956,0.02682488639603969,27.870758944282194,28.527968660985167,0.14008551784598502,
2,2,0.16,0.16,4.0,39.06,1000.0,0.49,0.38,0.13,7,3,1,0.6316248823652966,0.2526499529461186,0.3789749294191779,0.026877654568736024,27.88885502545378,28.547357562387813,0.14036108497006589,
2,2,0.16,0.16,4.0,39.06,1000.0,0.49,0.38,0.13,7,4,1,0.6311704918750556,0.25246819675002224,0.37870229512503334,0.026858318803193854,27.882224104485957,28.540252915164206,0.1402601093055679,
2,2,0.16,0.16,4.0,39.06,1000.0,0.49,0.38,0.13,8,1,1,1.1271098511440432,0.4508439404576172,0.6762659106864259,0.04796212132527844,33.64897628743377,34.82404825990309,0.2504688558097874,
2,2,0.16,0.16,4.0,39.06,1000.0,0.49,0.38,0.13,8,2,1,1.121078068383717,0.4484312273534867,0.6726468410302301,0.04770544971845604,33.57122742709577,34.740010945197945,0.249128459640826,
2,2,0.16,0.16,4.0,39.06,1000.0,0.49,0.38,0.13,8,3,1,1.1240953190912906,0.44963812763651617,0.6744571914547742,0.04783384336558684,33.60996953332209,34.78189869577896,0.24979895979806455,
2,2,0.16,0.16,4.0,39.06,1000.0,0.49,0.38,0.13,8,4,1,1.1220720847311543,0.44882883389246175,0.6732432508386925,0.0477477482864321,33.58511308092072,34.754932913938305,0.24934935216247875,
2,2,0.16,0.16,4.0,39.06,1000.0,0.49,0.38,0.13,9,1,2,4.517349214496464,3.0446879123802373,1.4726613021162271,0.0659719540088148,36.671305882460544,41.25462705096582,1.6914932846556872,
2,2,0.16,0.16,4.0,39.06,1000.0,0.49,0.38,0.13,9,2,2,4.444159967967939,2.990893581668876,1.4532663862990627,0.06535852449899882,36.533687505985235,41.04320599845217,1.6616075453715977,
2,2,0.16,0.16,4.0,39.06,1000.0,0.49,0.38,0.13,9,3,2,4.497003854667339,3.030222427206173,1.4667814274611666,0.06575161018737502,36.616849047077004,41.179604511931714,1.6834569040034293,
2,2,0.16,0.16,4.0,39.06,1000.0,0.49,0.38,0.13,9,4,2,4.494566542512615,3.0290963259814996,1.465470216531116,0.06566331541934901,36.591623452724555,41.15185331065652,1.682831292211944,
2,2,0.16,0.16,4.0,39.06,1000.0,0.49,0.38,0.13,10,1,2,10.077792107576707,7.368855130413329,2.7089369771633796,0.08837847693936283,39.60717104631642,49.77334163083249,4.0938084057851825,
2,2,0.16,0.16,4.0,39.06,1000.0,0.49,0.38,0.13,10,2,2,9.898502721637872,7.232550331832987,2.665952389804887,0.08733750321187492,39.413532725177596,49.39937295002734,4.0180835176849925,
2,2,0.16,0.16,4.0,39.06,1000.0,0.49,0.38,0.13,10,3,2,10.14678039055514,7.423861379258266,2.722919011296875,0.08851811457165365,39.59988159218689,49.83518009731368,4.124367432921259,
2,2,0.16,0.16,4.0,39.06,1000.0,0.49,0.38,0.13,10,4,2,10.106699711572782,7.393461312642271,2.7132383989305113,0.0882781309942603,39.55478062973075,49.74975847229779,4.107478507023484,
2,2,0.16,0.16,4.0,39.06,1000.0,0.49,0.38,0.13,11,1,2,19.144657226972154,14.46035935062831,4.684297876343847,0.12078220655417107,43.265571088632484,62.53101052215881,8.033532972571283,
2,2,0.16,0.16,4.0,39.06,1000.0,0.49,0.38,0.13,11,2,2,18.46130186842157,13.929807375656607,4.531494492764967,0.11793977032895656,42.868546596943034,61.447788235693565,7.738781875364782,
2,2,0.16,0.16,4.0,39.06,1000.0,0.49,0.38,0.13,11,3,2,18.87722449305208,14.252239256499276,4.6249852365528055,0.119719521716152,43.12253872377798,62.11948273854621,7.917910698055152,
2,2,0.16,0.16,4.0,39.06,1000.0,0.49,0.38,0.13,11,4,2,18.903999942663788,14.274129646598894,4.629870296064895,0.1197184727523795,43.104413619069454,62.12813203448562,7.9300720258882755,
2,2,0.16,0.16,4.0,39.06,1000.0,0.49,0.38,0.13,12,1,3,33.769313825929736,25.98352171116438,7.785792114765355,0.16440691178265948,47.158759510517115,81.0924802482295,14.435289839535765,
2,2,0.16,0.16,4.0,39.06,1000.0,0.49,0.38,0.13,12,2,3,32.22109319846349,24.771519006305848,7.449574192157642,0.1589846206279629,46.53150168455077,78.91157950364223,13.761955003503251,
2,2,0.16,0.16,4.0,39.06,1000.0,0.49,0.38,0.13,12,3,3,33.29784068462771,25.61463266314827,7.683208021479441,0.16273558341400376,46.96141012657632,80.42198639461803,14.23035147952682,
2,2,0.16,0.16,4.0,39.06,1000.0,0.49,0.38,0.13,12,4,3,33.089558597953015,25.451314864845788,7.638243733107231,0.16203336819290115,46.88071102072426,80.13230298687017,14.139619369358773,
2,2,0.16,0.16,4.0,39.06,1000.0,0.49,0.38,0.13,13,1,3,57.05134578556242,44.385997476443485,12.665348309118945,0.22794674083145255,52.04339751128437,109.32269003767824,24.658887486913045,
2,2,0.16,0.16,4.0,39.06,1000.0,0.49,0.38,0.13,13,2,3,54.66837434445837,42.51419490340115,12.154179441057229,0.22024630127077277,51.24100653746666,106.1296271831958,23.618997168556195,
2,2,0.16,0.16,4.0,39.06,1000.0,0.49,0.38,0.13,13,3,3,55.99008593764289,43.55093195405302,12.43915398358987,0.2246658043934194,51.72230916141112,107.93706090344742,24.194962196696125,
2,2,0.16,0.16,4.0,39.06,1000.0,0.49,0.38,0.13,13,4,3,55.625092993138104,43.26374748602109,12.36134550711702,0.22353590394562017,51.60873166192844,107.45736055901216,24.03541527001172,
2,2,0.16,0.16,4.0,39.06,1000.0,0.49,0.38,0.13,14,1,3,92.89134819238465,72.76566336422069,20.12568482816397,0.320538667659683,58.48557924946217,151.6974661095065,40.42536853567817,
2,2,0.16,0.16,4.0,39.06,1000.0,0.49,0.38,0.13,14,2,3,89.27192372166506,69.91478374011935,19.357139981545714,0.3096438765153963,57.46093786848523,147.0425054666657,38.84154652228853,
2,2,0.16,0.16,4.0,39.06,1000.0,0.49,0.38,0.13,14,3,3,93.11965491690343,72.95173249607564,20.16792242082779,0.3205893005770305,58.39628837908756,151.83653259656802,40.52874027559758,
2,2,0.16,0.16,4.0,39.06,1000.0,0.49,0.38,0.13,14,4,3,91.28554101228568,71.50123443438166,19.78430657790401,0.3156639556173552,58.018638792974315,149.61984376087736,39.72290801910093,
2,2,0.16,0.16,4.0,39.06,1000.0,0.49,0.38,0.13,15,1,4,151.31508770344865,119.12953273944143,32.185554964007224,0.4611296920299054,66.91578442400758,218.69200181948617,66.18307374413413,
2,2,0.16,0.16,4.0,39.06,1000.0,0.49,0.38,0.13,15,2,4,145.47401676736538,114.51560050384924,30.95841626351614,0.44488872559851966,65.57057240367998,211.4894778966439,63.61977805769403,
2,2,0.16,0.16,4.0,39.06,1000.0,0.49,0.38,0.13,15,3,4,152.2475010529027,119.8743663026376,32.37313475026511,0.46287468878794413,66.92809203676049,219.63846777845112,66.596870168132,
2,2,0.16,0.16,4.0,39.06,1000.0,0.49,0.38,0.13,15,4,4,148.52639186712946,116.92638787663755,31.600003990491913,0.453408473939083,66.27816002715521,215.25796036822373,64.95910437590976,
2,2,0.16,0.16,4.0,39.06,1000.0,0.49,0.38,0.13,16,1,4,246.58802113280646,194.83744663167704,51.7505745011294,0.6800629314202814,78.76606407484456,326.0341481390713,108.24302590648723,
2,2,0.16,0.16,4.0,39.06,1000.0,0.49,0.38,0.13,16,2,4,235.4757350170669,186.0347832364134,49.440951780653585,0.6517089316932269,76.7652054639249,312.89264941268505,103.35265735356298,
2,2,0.16,0.16,4.0,39.06,1000.0,0.49,0.38,0.13,16,3,4,246.45077864345575,194.73228629604358,51.71849234741219,0.6793499035390769,78.64532528749491,325.7754538344897,108.184603497802,
2,2,0.16,0.16,4.0,39.06,1000.0,0.49,0.38,0.13,16,4,4,240.65468524517598,190.13543740459625,50.51924784057973,0.665115461251677,77.73730168456731,319.05710239099494,105.63079855810902,
2,2,0.16,0.16,4.0,39.06,1000.0,0.49,0.38,0.13,17,1,4,393.5729611328064,311.748598631677,81.82436250112939,1.0065379314202814,95.2269694246388,489.8064684888655,173.19366590648724,
2,2,0.16,0.16,4.0,39.06,1000.0,0.49,0.38,0.13,17,2,4,379.1800099335124,300.33650916701794,78.84350076649459,0.9708970958231475,92.85870774899179,473.0096147783273,166.85361620389884,
2,2,0.16,0.16,4.0,39.06,1000.0,0.49,0.38,0.13,17,3,4,393.4357186434557,311.6434382960436,81.79228034741219,1.005824903539077,95.10623063728914,489.54777418428387,173.13524349780198,
2,2,0.16,0.16,4.0,39.06,1000.0,0.49,0.38,0.13,17,4,4,385.8209786289873,305.60004616704066,80.2209324619467,0.9875509817375159,93.99453603368757,480.80306564441236,169.7778034261337,
2,2,0.16,0.16,4.0,39.06,1000.0,0.49,0.38,0.13,18,1,5,565.3061761328064,448.493620631677,116.8125555011294,1.3727629314202814,111.84219576208736,678.5211348263141,249.1631225731539,
2,2,0.16,0.16,4.0,39.06,1000.0,0.49,0.38,0.13,18,2,5,550.9132249335123,437.08153116701794,113.8316937664946,1.3371220958231476,109.47393408644035,661.7242811157757,242.82307287056548,
2,2,0.16,0.16,4.0,39.06,1000.0,0.49,0.38,0.13,18,3,5,565.1689336434556,448.38846029604355,116.78047334741218,1.372049903539077,111.7214569747377,678.2624405217324,249.10470016446865,
2,2,0.16,0.16,4.0,39.06,1000.0,0.49,0.38,0.13,18,4,5,557.5541936289873,442.3450681670406,115.20912546194668,1.353775981737516,110.60976237113613,669.5177319818608,245.74726009280033,
2,2,0.16,0.16,4.0,39.06,1000.0,0.49,0.38,0.13,19,1,5,756.7851361328064,601.084588631677,155.70054750112936,1.7685379314202814,128.50886242875401,887.0625364929807,333.93588257315383,
2,2,0.16,0.16,4.0,39.06,1000.0,0.49,0.38,0.13,19,2,5,742.3921849335123,589.6724991670179,152.7196857664946,1.7328970958231473,126.14060075310701,870.2656827824425,327.59583287056546,
2,2,0.16,0.16,4.0,39.06,1000.0,0.49,0.38,0.13,19,3,5,756.6478936434556,600.9794282960437,155.6684653474122,1.767824903539077,128.38812364140438,886.8038421883991,333.8774601644687,
2,2,0.16,0.16,4.0,39.06,1000.0,0.49,0.38,0.13,19,4,5,749.0331536289872,594.9360361670406,154.09711746194668,1.7495509817375159,127.27642903780279,878.0591336485276,330.52002009280034,
2,2,0.16,0.16,4.0,39.06,1000.0,0.49,0.38,0.13,20,1,5,963.0073111328063,765.533578631677,197.47373250112938,2.1836629314202813,145.12408876620256,1110.315062830429,425.2964325731539,
2,2,0.16,0.16,4.0,39.06,1000.0,0.49,0.38,0.13,20,2,5,948.6143599335124,754.1214891670179,194.49287076649458,2.1480220958231473,142.75582709055556,1093.5182091198913,418.95638287056545,
2,2,0.16,0.16,4.0,39.06,1000.0,0.49,0.38,0.13,20,3,5,962.8700686434557,765.4284182960436,197.44165034741218,2.182949903539077,145.00334997885292,1110.0563685258478,425.23801016446856,
2,2,0.16,0.16,4.0,39.06,1000.0,0.49,0.38,0.13,20,4,5,955.2553286289872,759.3850261670407,195.8703024619467,2.164675981737516,143.89165537525133,1101.3116599859761,421.8805700928004,
2,2,0.16,0.16,4.0,39.06,1000.0,0.49,0.38,0.13,21,1,6,1190.7674611328064,947.2904986316769,243.47696250112938,2.6286004314202813,161.5849941159968,1354.9810556802233,526.2724992398205,
2,2,0.16,0.16,4.0,39.06,1000.0,0.49,0.38,0.13,21,2,6,1176.3745099335124,935.8784091670179,240.4961007664946,2.5929595958231477,159.2167324403498,1338.1842019696855,519.9324495372322,
2,2,0.16,0.16,4.0,39.06,1000.0,0.49,0.38,0.13,21,3,6,1190.6302186434557,947.1853382960435,243.44488034741218,2.627887403539077,161.46425532864717,1354.7223613756419,526.2140768311353,
2,2,0.16,0.16,4.0,39.06,1000.0,0.49,0.38,0.13,21,4,6,1183.0154786289872,941.1419461670406,241.87353246194667,2.609613481737516,160.35256072504558,1345.9776528357704,522.8566367594669,
2,2,0.16,0.16,4.0,39.06,1000.0,0.49,0.38,0.13,22,1,6,1433.8212361328065,1141.373968631677,292.4472675011293,3.090975431420281,177.7886978197005,1614.7009093839272,634.0966492398206,
2,2,0.16,0.16,4.0,39.06,1000.0,0.49,0.38,0.13,22,2,6,1419.4282849335123,1129.9618791670177,289.4664057664946,3.055334595823147,175.4204361440535,1597.904055673389,627.7565995372321,
2,2,0.16,0.16,4.0,39.06,1000.0,0.49,0.38,0.13,22,3,6,1433.6839936434556,1141.2688082960437,292.4151853474122,3.0902624035390764,177.66795903235086,1614.4422150793455,634.0382268311353,
2,2,0.16,0.16,4.0,39.06,1000.0,0.49,0.38,0.13,22,4,6,1426.069253628987,1135.2254161670405,290.84383746194663,3.071988481737516,176.55626442874927,1605.6975065394738,630.6807867594669,
2,2,0.16,0.16,4.0,39.06,1000.0,0.49,0.38,0.13,23,1,6,1685.9242861328062,1342.8026086316768,343.12167750112934,3.558412931420281,193.63231921887746,1883.1150182831038,746.0014492398205,
2,2,0.16,0.16,4.0,39.06,1000.0,0.49,0.38,0.13,23,2,6,1671.5313349335122,1331.3905191670178,340.14081576649454,3.5227720958231474,191.26405754323045,1866.3181645725658,739.661399537232,
2,2,0.16,0.16,4.0,39.06,1000.0,0.49,0.38,0.13,23,3,6,1685.787043643456,1342.6974482960436,343.08959534741217,3.557699903539077,193.51158043152782,1882.8563239785228,745.9430268311353,
2,2,0.16,0.16,4.0,39.06,1000.0,0.49,0.38,0.13,23,4,6,1678.1723036289875,1336.6540561670406,341.5182474619467,3.5394259817375158,192.39988582792623,1874.1116154386514,742.585586759467,
2,2,0.16,0.16,4.0,39.06,1000.0,0.49,0.38,0.13,24,1,7,1952.6295511328065,1556.0328706316768,396.59668050112936,4.039200431420281,209.01297765509145,2165.681729219318,864.4627059064873,
2,2,0.16,0.16,4.0,39.06,1000.0,0.49,0.38,0.13,24,2,7,1938.2365999335123,1544.6207811670176,393.6158187664945,4.0035595958231465,206.64471597944444,2148.8848755087797,858.1226562038987,
2,2,0.16,0.16,4.0,39.06,1000.0,0.49,0.38,0.13,24,3,7,1952.4923086434558,1555.9277102960434,396.56459834741213,4.038487403539077,208.8922388677418,2165.4230349147365,864.4042834978019,
2,2,0.16,0.16,4.0,39.06,1000.0,0.49,0.38,0.13,24,4,7,1944.8775686289873,1549.8843181670404,394.9932504619467,4.020213481737516,207.78054426414022,2156.6783263748653,861.0468434261336,
2,2,0.16,0.16,4.0,39.06,1000.0,0.49,0.38,0.13,25,1,7,2226.4508611328065,1775.089918631677,451.3609425011294,4.518787931420281,223.82779246990626,2454.797441534133,986.1610659064874,
2,2,0.16,0.16,4.0,39.06,1000.0,0.49,0.38,0.13,25,2,7,2212.0579099335123,1763.6778291670178,448.38008076649453,4.483147095823147,221.45953079425925,2438.0005878235947,979.8210162038987,
2,2,0.16,0.16,4.0,39.06,1000.0,0.49,0.38,0.13,25,3,7,2226.313618643456,1774.9847582960435,451.32886034741216,4.518074903539077,223.70705368255662,2454.5387472295515,986.1026434978018,
2,2,0.16,0.16,4.0,39.06,1000.0,0.49,0.38,0.13,25,4,7,2218.698878628987,1768.9413661670405,449.7575124619467,4.499800981737516,222.59535907895503,2445.79403868968,982.7452034261336,
2,2,0.16,0.16,4.0,39.06,1000.0,0.49,0.38,0.13,26,1,7,2500.2721711328063,1994.1469666316766,506.1252045011293,4.998375431420281,237.9738830048857,2743.244429569112,1107.8594259064873,
2,2,0.16,0.16,4.0,39.06,1000.0,0.49,0.38,0.13,26,2,7,2485.8792199335126,1982.7348771670179,503.14434276649456,4.9627345958231475,235.60562132923866,2726.4475758585745,1101.5193762038987,
2,2,0.16,0.16,4.0,39.06,1000.0,0.49,0.38,0.13,26,3,7,2500.134928643456,1994.0418062960434,506.0931223474122,4.997662403539077,237.85314421753606,2742.9857352645313,1107.8010034978017,
2,2,0.16,0.16,4.0,39.06,1000.0,0.49,0.38,0.13,26,4,7,2492.520188628987,1987.9984141670404,504.5217744619467,4.979388481737516,236.74144961393444,2734.241026724659,1104.4435634261336,
2,2,0.16,0.16,4.0,39.06,1000.0,0.49,0.38,0.13,27,1,8,2778.4398511328063,2216.681110631677,561.7587405011293,5.485575431420281,251.3483686015935,3035.27379516582,1231.4895059064872,
2,2,0.16,0.16,4.0,39.06,1000.0,0.49,0.38,0.13,27,2,8,2764.046899933512,2205.2690211670183,558.7778787664946,5.449934595823147,248.98010692594647,3018.4769414552816,1225.1494562038986,
2,2,0.16,0.16,4.0,39.06,1000.0,0.49,0.38,0.13,27,3,8,2778.3026086434556,2216.575950296043,561.7266583474121,5.484862403539077,251.22762981424387,3035.0151008612384,1231.431083497802,
2,2,0.16,0.16,4.0,39.06,1000.0,0.49,0.38,0.13,27,4,8,2770.6878686289874,2210.5325581670404,560.1553104619466,5.466588481737516,250.11593521064225,3026.270392321367,1228.0736434261335,
2,2,0.16,0.16,4.0,39.06,1000.0,0.49,0.38,0.13,28,1,8,3052.2611611328066,2435.7381586316765,616.5230025011292,5.965162931420281,263.8483686015935,3322.0746926658203,1353.187865906487,
2,2,0.16,0.16,4.0,39.06,1000.0,0.49,0.38,0.13,28,2,8,3037.8682099335124,2424.326069167018,613.5421407664945,5.929522095823146,261.4801069259465,3305.2778389552823,1346.847816203899,
2,2,0.16,0.16,4.0,39.06,1000.0,0.49,0.38,0.13,28,3,8,3052.123918643456,2435.6329982960433,616.4909203474122,5.964449903539077,263.72762981424387,3321.8159983612386,1353.129443497802,
2,2,0.16,0.16,4.0,39.06,1000.0,0.49,0.38,0.13,28,4,8,3044.509178628987,2429.5896061670405,614.9195724619466,5.946175981737516,262.61593521064225,3313.071289821367,1349.7720034261338,
2,2,0.16,0.16,4.0,39.06,1000.0,0.49,0.38,0.13,29,1,8,3326.0824711328064,2654.795206631677,671.2872645011294,6.44475043142028,275.3710023464495,3607.8982239106763,1474.8862259064872,
2,2,0.16,0.16,4.0,39.06,1000.0,0.49,0.38,0.13,29,2,8,3311.689519933512,2643.383117167018,668.3064027664946,6.409109595823146,273.00274067080244,3591.101370200138,1468.5461762038988,
2,2,0.16,0.16,4.0,39.06,1000.0,0.49,0.38,0.13,29,3,8,3325.9452286434553,2654.6900462960434,671.2551823474122,6.4440374035390775,275.25026355909984,3607.639529606094,1474.8278034978018,
2,2,0.16,0.16,4.0,39.06,1000.0,0.49,0.38,0.13,29,4,8,3318.330488628987,2648.6466541670407,669.6838344619466,6.4257634817375155,274.1385689554982,3598.894821066223,1471.4703634261336,
2,2,0.16,0.16,4.0,39.06,1000.0,0.49,0.38,0.13,30,1,9,3604.2501511328064,2877.3293506316763,726.9208005011292,6.93195043142028,285.8133891777252,3896.995490741952,1598.516305906487,
2,2,0.16,0.16,4.0,39.06,1000.0,0.49,0.38,0.13,30,2,9,3589.857199933512,2865.917261167018,723.9399387664945,6.896309595823147,283.44512750207815,3880.198637031414,1592.176256203899,
2,2,0.16,0.16,4.0,39.06,1000.0,0.49,0.38,0.13,30,3,9,3604.1129086434557,2877.224190296043,726.8887183474121,6.931237403539077,285.69265039037555,3896.7367964373702,1598.457883497802,
2,2,0.16,0.16,4.0,39.06,1000.0,0.49,0.38,0.13,30,4,9,3596.4981686289875,2871.1807981670404,725.3173704619466,6.912963481737516,284.5809557867739,3887.992087897499,1595.1004434261336,
2,2,0.16,0.16,4.0,39.06,1000.0,0.49,0.38,0.13,31,1,9,3878.0714611328062,3096.386398631677,781.6850625011293,7.4115379314202805,295.0726484369844,4180.555647501211,1720.214665906487,
2,2,0.16,0.16,4.0,39.06,1000.0,0.49,0.38,0.13,31,2,9,3863.678509933512,3084.974309167018,778.7042007664945,7.375897095823147,292.7043867613374,4163.758793790673,1713.8746162038988,
2,2,0.16,0.16,4.0,39.06,1000.0,0.49,0.38,0.13,31,3,9,3877.934218643455,3096.2812382960433,781.6529803474122,7.410824903539076,294.9519096496348,4180.296953196629,1720.1562434978018,
2,2,0.16,0.16,4.0,39.06,1000.0,0.49,0.38,0.13,31,4,9,3870.319478628987,3090.2378461670405,780.0816324619466,7.392550981737516,293.84021504603317,4171.5522446567575,1716.7988034261336,
2,2,0.16,0.16,4.0,39.06,1000.0,0.49,0.38,0.13,32,1,9,4151.892771132806,3315.4434466316766,836.4493245011292,7.89112543142028,303.045899465791,4462.829796030018,1841.9130259064873,
2,2,0.16,0.16,4.0,39.06,1000.0,0.49,0.38,0.13,32,2,9,4137.499819933512,3304.031357167018,833.4684627664946,7.855484595823147,300.677637790144,4446.03294231948,1835.5729762038989,
2,2,0.16,0.16,4.0,39.06,1000.0,0.49,0.38,0.13,32,3,9,4151.755528643455,3315.3382862960434,836.4172423474122,7.8904124035390755,302.9251606784414,4462.571101725435,1841.8546034978017,
2,2,0.16,0.16,4.0,39.06,1000.0,0.49,0.38,0.13,32,4,9,4144.140788628987,3309.29489416704,834.8458944619465,7.872138481737516,301.81346607483977,4453.8263931855645,1838.4971634261335,
2,2,0.16,0.16,4.0,39.06,1000.0,0.49,0.38,0.13,33,1,10,4430.060451132806,3537.977590631676,892.0828605011291,8.378325431420281,309.6302616057087,4748.069038169935,1965.543105906487,
2,2,0.16,0.16,4.0,39.06,1000.0,0.49,0.38,0.13,33,2,10,4415.667499933513,3526.565501167018,889.1019987664945,8.342684595823147,307.2619999300617,4731.272184459397,1959.203056203899,
2,2,0.16,0.16,4.0,39.06,1000.0,0.49,0.38,0.13,33,3,10,4429.923208643456,3537.872430296043,892.0507783474121,8.377612403539077,309.5095228183591,4747.810343865354,1965.4846834978018,
2,2,0.16,0.16,4.0,39.06,1000.0,0.49,0.38,0.13,33,4,10,4422.308468628988,3531.82903816704,890.4794304619464,8.359338481737515,308.39782821475745,4739.065635325483,1962.1272434261336,
2,2,0.16,0.16,4.0,39.06,1000.0,0.49,0.38,0.13,34,1,10,4703.881761132806,3757.0346386316764,946.8471225011292,8.85791293142028,314.7228541983013,5027.4625282625275,2087.241465906487,
2,2,0.16,0.16,4.0,39.06,1000.0,0.49,0.38,0.13,34,2,10,4689.488809933512,3745.622549167018,943.8662607664945,8.822272095823148,312.3545925226543,5010.6656745519895,2080.901416203899,
2,2,0.16,0.16,4.0,39.06,1000.0,0.49,0.38,0.13,34,3,10,4703.744518643455,3756.9294782960433,946.8150403474122,8.857199903539076,314.6021154109517,5027.203833957947,2087.183043497802,
2,2,0.16,0.16,4.0,39.06,1000.0,0.49,0.38,0.13,34,4,10,4696.129778628987,3750.88608616704,945.2436924619465,8.838925981737516,313.49042080735006,5018.459125418075,2083.8256034261335,
2,2,0.16,0.16,4.0,39.06,1000.0,0.49,0.38,0.13,35,1,10,4977.703071132806,3976.091686631676,1001.6113845011291,9.337500431420281,318.2207965851326,5305.2613681493585,2208.939825906487,
2,2,0.16,0.16,4.0,39.06,1000.0,0.49,0.38,0.13,35,2,10,4963.310119933513,3964.679597167018,998.6305227664946,9.30185959582315,315.85253490948554,5288.464514438821,2202.5997762038987,
2,2,0.16,0.16,4.0,39.06,1000.0,0.49,0.38,0.13,35,3,10,4977.5658286434555,3975.9865262960434,1001.5793023474122,9.336787403539077,318.10005779778294,5305.002673844778,2208.881403497802,
2,2,0.16,0.16,4.0,39.06,1000.0,0.49,0.38,0.13,35,4,10,4969.951088628987,3969.94313416704,1000.0079544619465,9.318513481737515,316.9883631941813,5296.257965304906,2205.5239634261334,
2,2,0.16,0.16,4.0,39.06,1000.0,0.49,0.38,0.13,36,1,11,5255.870751132807,4198.625830631677,1057.2449205011292,9.82470043142028,320.0212081077663,5585.716659671993,2332.569905906487,
2,2,0.16,0.16,4.0,39.06,1000.0,0.49,0.38,0.13,36,2,11,5241.477799933514,4187.213741167017,1054.2640587664946,9.789059595823149,317.6529464321193,5568.919805961456,2326.2298562038986,
2,2,0.16,0.16,4.0,39.06,1000.0,0.49,0.38,0.13,36,3,11,5255.733508643456,4198.520670296043,1057.212838347412,9.823987403539077,319.9004693204167,5585.457965367412,2332.5114834978017,
2,2,0.16,0.16,4.0,39.06,1000.0,0.49,0.38,0.13,36,4,11,5248.118768628988,4192.47727816704,1055.6414904619464,9.805713481737516,318.78877471681506,5576.71325682754,2329.1540434261333,
